State,2003-10-01,2003-11-01,2003-12-01,2004-01-01,2004-02-01,2004-03-01,2004-04-01,2004-05-01,2004-06-01,2004-07-01,2004-08-01,2004-09-01,2004-10-01,2004-11-01,2004-12-01,2005-01-01,2005-02-01,2005-03-01,2005-04-01,2005-05-01,2005-06-01,2005-07-01,2005-08-01,2005-09-01,2005-10-01,2005-11-01,2005-12-01,2006-01-01,2006-02-01,2006-03-01,2006-04-01,2006-05-01,2006-06-01,2006-07-01,2006-08-01,2006-09-01,2006-10-01,2006-11-01,2006-12-01,2007-01-01,2007-02-01,2007-03-01,2007-04-01,2007-05-01,2007-06-01,2007-07-01,2007-08-01,2007-09-01,2007-10-01,2007-11-01,2007-12-01,2008-01-01,2008-02-01,2008-03-01,2008-04-01,2008-05-01,2008-06-01,2008-07-01,2008-08-01,2008-09-01,2008-10-01,2008-11-01,2008-12-01,2009-01-01,2009-02-01,2009-03-01,2009-04-01,2009-05-01,2009-06-01,2009-07-01,2009-08-01,2009-09-01,2009-10-01,2009-11-01,2009-12-01,2010-01-01,2010-02-01,2010-03-01,2010-04-01,2010-05-01,2010-06-01,2010-07-01,2010-08-01,2010-09-01,2010-10-01,2010-11-01,2010-12-01,2011-01-01,2011-02-01,2011-03-01,2011-04-01,2011-05-01,2011-06-01,2011-07-01,2011-08-01,2011-09-01,2011-10-01,2011-11-01,2011-12-01,2012-01-01,2012-02-01,2012-03-01,2012-04-01,2012-05-01,2012-06-01,2012-07-01,2012-08-01,2012-09-01,2012-10-01,2012-11-01,2012-12-01,2013-01-01,2013-02-01,2013-03-01,2013-04-01,2013-05-01,2013-06-01,2013-07-01,2013-08-01,2013-09-01,2013-10-01,2013-11-01,2013-12-01,2014-01-01,2014-02-01,2014-03-01,2014-04-01,2014-05-01,2014-06-01,2014-07-01,2014-08-01,2014-09-01,2014-10-01,2014-11-01,2014-12-01,2015-01-01,2015-02-01,2015-03-01,2015-04-01,2015-05-01,2015-06-01,2015-07-01,2015-08-01,2015-09-01,2015-10-01,2015-11-01,2015-12-01,2016-01-01,2016-02-01,2016-03-01,2016-04-01,2016-05-01,2016-06-01,2016-07-01,2016-08-01,2016-09-01,2016-10-01,2016-11-01,2016-12-01,2017-01-01,2017-02-01,2017-03-01,2017-04-01,2017-05-01,2017-06-01,2017-07-01,2017-08-01,2017-09-01,2017-10-01,2017-11-01,2017-12-01,2018-01-01,2018-02-01,2018-03-01,2018-04-01,2018-05-01,2018-06-01,2018-07-01,2018-08-01,2018-09-01
New England,10.6,10.29,10.56,10.31,10.73,10.37,10.46,10.31,10.89,10.94,11.1,10.8,10.34,10.3,10.61,11.33,11.66,11.5,11.44,11.49,11.92,11.99,12.19,12.37,11.84,12.32,12.64,14.17,14.74,14.42,14.2,13.96,14.54,14.29,15.07,14.86,14.12,14.04,14.8,15.55,15.33,14.87,14.81,14.26,14.85,14.87,14.94,14.98,14.66,14.62,14.58,15.22,14.91,15.2,15.01,16.0,16.07,16.48,16.68,16.05,16.4,16.02,16.15,16.1,16.12,15.52,15.53,15.23,15.77,15.36,15.46,15.63,15.43,15.06,14.99,15.19,14.93,15.19,15.07,14.66,14.93,15.0,15.35,15.16,14.69,14.67,14.86,14.89,14.6,14.49,14.3,14.49,14.93,14.48,14.87,14.85,14.09,14.29,14.64,14.4,14.36,14.29,13.82,14.1,14.21,14.22,13.97,14.21,13.69,13.79,14.37,14.08,14.77,14.51,14.04,14.15,14.52,14.25,14.51,15.07,14.06,14.44,16.11,15.36,16.21,16.03,15.24,14.85,15.06,15.08,15.42,15.12,14.75,14.99,16.05,17.34,18.44,17.94,16.94,16.32,16.13,15.49,15.74,16.01,15.61,15.53,16.02,16.27,16.7,16.54,16.31,15.86,15.95,16.0,16.05,16.35,15.93,15.94,15.85,16.33,16.52,16.29,16.38,16.14,16.4,16.74,16.8,16.75,16.34,16.24,16.45,17.64,18.18,17.59,17.38,17.05,17.07,17.25,17.32,17.97
Connecticut,10.69,10.15,10.12,10.42,10.93,10.21,10.61,10.7,10.95,10.77,11.05,9.63,9.18,9.41,9.12,11.3,11.73,11.58,11.62,11.92,12.35,12.37,12.45,12.53,12.24,12.23,12.11,13.11,14.16,14.03,14.98,14.33,14.67,14.7,15.49,15.74,14.79,14.88,15.98,16.67,16.87,16.41,16.35,16.1,16.22,16.31,15.87,15.75,15.72,15.77,15.81,16.55,16.27,15.74,16.55,16.63,16.9,17.34,18.28,17.47,16.93,17.37,17.18,17.35,17.55,17.5,17.14,17.12,17.59,17.08,18.3,17.86,18.38,17.99,17.94,17.64,17.55,17.49,17.55,17.67,17.33,17.44,17.18,17.26,17.28,17.41,17.01,16.8,16.36,16.36,16.41,16.32,16.41,16.33,16.15,16.07,16.28,16.32,16.32,15.91,15.58,15.46,15.63,15.53,15.4,15.51,15.44,15.49,15.68,15.82,15.43,15.54,15.81,15.71,15.5,15.62,15.69,15.55,15.5,15.71,15.83,15.98,15.84,16.82,17.05,17.57,16.87,16.38,16.91,16.73,16.81,16.75,16.64,16.79,17.23,18.44,19.27,19.11,18.47,18.6,18.08,16.99,16.65,16.62,17.03,16.86,16.7,17.18,17.96,17.86,17.6,17.74,17.63,17.16,16.7,16.79,17.11,17.27,16.73,17.15,17.44,17.5,17.36,17.68,17.51,17.87,17.73,18.02,18.14,17.71,17.4,18.48,18.73,18.28,18.4,17.85,18.62,18.09,18.37,19.19
Maine,8.4,9.09,9.76,9.7,9.88,10.08,9.08,9.0,9.03,8.96,9.1,9.41,8.91,8.4,10.6,10.58,10.71,9.81,9.03,9.63,9.18,8.92,9.45,9.15,8.59,9.59,9.96,11.57,10.47,10.51,10.68,10.91,11.7,10.39,12.28,11.88,12.15,12.58,13.32,13.62,13.72,13.44,13.48,13.45,12.84,13.24,12.95,13.18,12.87,13.66,14.19,14.35,13.63,14.0,13.52,13.28,13.38,14.05,13.9,13.46,13.54,13.81,14.01,14.47,14.47,13.17,12.58,12.22,12.4,12.55,12.76,12.19,12.36,12.49,13.1,13.62,13.0,12.64,12.1,12.02,12.29,12.62,12.72,12.25,12.16,12.57,13.16,13.5,13.21,12.79,12.23,12.37,12.35,12.52,12.6,12.14,12.11,12.44,12.49,12.68,12.44,11.64,11.21,11.58,11.23,11.77,11.76,11.68,11.65,11.96,12.35,12.49,13.02,12.15,11.44,11.43,11.3,11.9,11.53,11.46,11.33,11.7,12.68,13.79,13.97,14.01,12.1,11.96,11.9,12.22,11.93,11.96,11.78,12.49,13.2,14.12,15.32,13.02,12.37,12.78,12.48,12.13,12.65,12.6,11.99,12.81,12.83,13.87,13.9,14.07,11.68,12.58,12.45,12.83,13.23,13.0,12.8,13.02,13.08,13.38,13.43,13.35,13.16,12.96,12.89,12.95,12.96,12.57,12.51,12.63,12.64,13.46,13.81,12.96,12.71,12.89,12.51,12.86,12.99,12.61
Massachusetts,10.92,10.37,10.72,10.15,10.55,10.2,10.46,10.02,11.11,11.31,11.44,11.69,10.81,10.88,11.08,11.59,11.9,11.72,11.71,11.54,12.3,12.44,12.58,12.92,12.15,12.83,13.29,15.69,16.57,15.8,14.88,14.49,15.32,15.36,16.19,15.71,14.62,14.37,15.24,16.31,15.82,15.13,14.96,13.92,15.17,14.97,15.55,15.5,14.98,14.71,14.58,15.35,15.07,15.61,15.09,16.39,16.92,17.05,17.08,16.27,17.56,16.05,16.47,16.28,16.05,15.51,15.71,15.34,15.92,15.5,15.3,15.76,15.23,14.62,14.28,14.56,14.34,14.82,14.84,14.14,14.46,14.65,15.17,14.93,14.13,13.87,14.4,14.27,13.93,14.0,13.64,14.19,15.03,14.24,14.95,15.09,13.68,13.88,14.47,14.05,14.17,14.34,13.57,14.05,14.4,14.21,13.78,14.26,13.23,13.19,14.32,13.55,14.49,14.38,13.81,14.05,14.63,14.54,14.78,15.64,14.01,14.31,17.19,14.71,16.19,15.83,15.15,14.62,14.88,14.96,15.5,15.07,14.55,14.7,16.34,17.87,19.0,18.73,17.34,16.31,16.26,15.54,16.11,16.51,15.93,15.54,16.47,16.59,17.07,16.75,16.93,15.89,16.04,16.35,16.45,17.03,16.17,16.02,16.19,16.78,16.81,16.62,16.76,16.4,16.94,17.28,17.48,17.41,16.39,16.25,16.9,18.22,19.14,18.76,18.23,17.74,17.76,17.99,17.97,18.83
New Hampshire,10.94,10.91,10.85,10.64,11.54,11.26,11.18,11.49,11.54,11.49,11.62,11.51,11.76,11.46,11.19,11.32,12.49,12.33,12.45,12.33,11.95,11.99,12.83,13.55,13.01,13.04,13.86,14.17,14.41,14.37,14.15,14.58,14.37,13.16,13.27,13.62,13.53,13.6,13.99,14.39,13.67,13.59,13.59,13.72,13.53,13.81,14.13,13.64,14.09,13.68,13.43,13.89,13.86,13.86,13.96,14.38,14.76,15.11,15.13,15.15,15.34,14.99,15.17,15.59,15.5,15.75,16.05,15.44,15.54,15.47,14.65,14.51,14.74,14.61,14.71,14.65,14.27,14.56,14.59,14.56,14.63,14.74,15.12,15.17,15.12,15.17,14.89,15.0,14.96,14.85,14.75,14.98,14.89,14.66,14.69,14.55,14.43,14.64,14.76,14.48,14.34,14.37,14.32,14.3,14.31,14.13,13.98,14.0,14.05,14.21,14.28,14.51,14.64,14.59,14.38,14.28,14.34,14.14,13.85,13.94,14.16,14.21,14.72,15.49,15.91,15.85,15.01,14.98,15.12,14.86,14.65,14.61,14.89,15.34,15.79,16.87,17.44,17.44,16.74,16.22,15.64,15.16,14.97,15.12,15.31,15.49,15.74,15.79,15.93,15.81,15.77,15.52,15.16,15.29,15.62,15.64,15.74,15.96,16.0,15.94,16.23,16.04,15.99,16.07,16.01,16.03,16.07,16.13,16.41,16.36,16.68,17.08,17.77,16.92,16.99,17.05,15.89,16.68,16.53,17.04
Rhode Island,10.67,10.72,11.59,10.89,11.06,10.91,10.48,10.43,10.73,11.02,11.13,10.13,11.28,10.97,12.12,11.04,10.38,11.35,11.27,11.4,11.64,12.09,12.03,12.24,12.33,13.33,13.76,13.82,13.8,14.46,13.93,14.25,14.5,13.89,14.11,14.06,13.75,13.06,13.16,13.08,12.66,12.7,13.16,12.67,13.27,13.38,12.5,14.54,13.23,13.55,13.5,14.39,13.79,15.84,13.73,20.31,15.06,16.98,16.88,16.07,15.7,17.67,17.09,15.48,16.2,12.66,13.53,13.43,14.82,13.13,13.16,14.83,14.02,14.1,13.81,14.25,14.4,15.37,14.1,13.32,14.56,13.55,14.81,13.82,13.5,13.79,13.44,14.41,14.16,13.55,14.08,12.34,13.36,12.38,13.2,13.55,11.63,12.3,13.28,13.57,13.77,13.42,11.76,12.66,13.33,12.64,12.44,12.86,12.01,11.95,13.87,13.5,15.55,14.87,12.73,13.13,14.93,10.78,13.9,15.63,12.22,14.25,18.37,17.41,17.59,15.99,15.43,15.02,14.26,14.36,16.64,15.12,14.56,14.36,15.88,17.55,20.14,19.03,17.9,15.82,15.45,15.37,16.21,17.5,16.38,15.97,16.93,16.75,16.94,16.79,16.58,15.65,16.02,15.42,16.35,17.06,16.03,15.8,15.62,16.88,17.5,16.19,16.95,15.09,15.35,16.06,16.48,16.38,16.93,17.55,16.54,19.28,19.25,17.76,17.65,17.17,16.38,16.76,17.02,19.04
Vermont,11.05,11.03,11.08,10.98,10.96,11.06,10.98,11.12,11.11,11.14,11.08,11.04,11.23,11.22,11.02,11.06,11.09,11.13,11.14,11.04,11.12,11.09,11.08,10.98,11.21,10.99,11.24,11.32,11.35,11.37,11.43,11.54,11.59,11.65,11.62,11.54,11.48,11.49,11.38,11.82,11.95,12.04,12.03,12.06,12.07,12.05,12.11,12.01,12.07,12.11,11.99,12.05,12.08,12.48,12.25,12.33,12.43,12.38,12.3,12.51,12.36,12.39,12.46,12.55,12.78,12.86,12.81,12.82,12.8,12.79,12.85,12.9,13.06,12.67,13.03,12.9,13.07,13.19,13.04,13.13,13.17,13.06,13.16,13.38,13.51,13.44,13.49,13.7,13.8,13.74,13.69,13.88,13.77,13.76,13.84,13.71,13.84,14.01,13.94,14.21,14.36,14.19,14.13,14.05,14.18,14.28,14.18,13.69,14.68,15.03,14.56,14.68,14.57,13.72,14.73,14.67,14.62,14.46,14.41,14.41,14.64,14.65,14.63,14.47,14.72,14.83,14.73,14.77,14.85,14.79,14.66,14.3,14.25,14.42,14.21,14.24,14.36,14.34,14.3,14.36,14.35,14.34,14.34,14.36,14.4,14.45,14.54,14.28,14.14,14.43,14.33,14.36,14.52,14.53,14.21,14.62,14.52,14.62,14.35,14.49,14.57,14.5,14.58,14.55,14.81,14.65,14.44,14.62,14.44,14.62,14.55,15.14,15.22,14.94,14.89,14.98,15.3,15.03,15.03,15.01
Middle Atlantic,10.0,9.64,9.54,9.53,9.63,9.61,9.6,9.8,10.43,10.92,11.08,10.82,9.91,9.68,9.6,9.76,9.73,9.82,9.89,10.25,11.13,11.41,11.87,11.8,11.26,10.89,10.93,10.69,10.85,10.56,10.66,10.81,11.89,12.46,12.63,12.09,11.43,11.01,10.88,11.51,11.59,11.67,11.75,12.24,13.19,13.49,13.5,13.0,12.47,12.11,12.14,12.26,12.31,12.18,12.48,12.95,14.41,15.06,15.1,14.1,13.02,12.47,12.42,12.8,12.8,12.63,12.65,12.84,13.79,14.18,14.03,13.76,13.07,12.37,12.76,12.86,13.17,12.99,13.11,13.53,14.17,14.78,14.41,13.93,13.25,13.15,13.02,13.24,13.19,12.96,12.91,13.21,13.92,14.37,14.31,13.86,13.17,12.76,12.65,12.64,12.49,12.28,12.31,12.31,13.21,13.62,13.3,13.41,12.53,12.33,12.46,12.6,12.76,12.45,12.22,12.53,13.29,13.94,13.61,13.46,12.66,12.16,12.47,13.67,14.43,13.91,12.9,12.84,13.62,13.86,13.53,13.47,12.76,12.77,12.8,12.81,13.49,13.32,12.52,12.59,13.28,13.62,13.63,13.48,12.92,12.91,12.41,12.16,12.23,12.24,12.22,12.21,12.92,13.27,13.37,13.29,12.53,12.23,12.2,12.43,12.28,12.34,12.17,12.61,13.21,13.41,13.27,13.08,12.54,12.17,12.18,12.76,12.58,12.05,12.04,12.29,12.99,13.35,13.14,13.16
New Jersey,9.36,9.51,9.37,9.69,9.27,9.51,9.59,9.93,10.98,11.42,11.44,11.37,8.94,8.66,8.96,9.32,9.3,9.54,9.35,10.08,12.08,12.06,12.79,12.37,10.5,10.18,10.86,10.27,10.46,10.57,10.36,10.67,13.2,13.95,14.25,12.77,11.37,11.11,11.47,11.64,12.01,11.85,11.77,12.36,14.88,15.44,15.76,14.72,12.98,12.84,13.15,13.41,13.44,13.28,13.38,13.85,16.82,17.26,16.89,15.92,14.38,14.04,14.18,14.66,14.45,14.04,14.44,14.21,15.69,16.32,15.76,15.1,13.9,13.79,14.02,14.33,14.05,13.93,13.69,14.27,15.65,15.99,15.76,15.19,13.97,13.96,14.03,14.33,14.47,14.07,13.91,14.19,14.84,15.1,15.2,14.29,13.56,13.61,13.57,13.9,13.63,13.24,13.14,13.46,14.17,14.62,14.28,14.19,12.9,13.23,13.1,13.16,12.98,13.05,13.1,13.44,14.44,14.85,14.62,14.22,13.21,13.13,13.29,14.53,14.41,14.48,13.71,13.55,14.27,14.69,14.31,13.96,12.99,13.25,13.23,13.16,13.93,13.87,13.66,13.52,14.63,14.94,14.82,14.22,13.63,13.6,13.03,13.1,12.98,13.08,12.93,13.19,14.21,14.34,14.4,14.03,12.68,12.75,12.91,13.28,13.06,13.09,13.14,13.77,14.18,14.17,14.01,13.32,12.32,12.68,12.96,13.36,13.5,12.77,12.82,13.21,13.72,13.76,13.63,13.51
New York,12.36,11.41,11.21,11.29,11.61,11.37,11.17,11.49,12.39,12.96,13.75,12.82,12.29,11.87,11.75,11.89,11.79,11.98,11.96,12.35,13.14,13.62,14.42,14.52,14.54,13.9,13.74,13.41,13.37,12.81,12.82,13.13,14.0,14.75,15.19,14.89,14.33,13.17,13.07,14.17,14.19,14.54,14.49,15.19,16.06,16.1,16.27,15.73,15.5,14.9,15.04,15.24,15.14,14.97,15.61,16.31,17.82,18.81,19.03,17.63,15.96,14.99,15.01,15.78,15.27,15.34,14.85,15.43,16.58,17.23,16.97,16.86,16.24,14.71,15.6,15.4,15.62,15.52,15.95,16.49,17.15,17.89,17.06,16.65,15.93,15.81,15.7,15.76,15.48,15.25,15.09,15.75,16.82,17.25,17.16,16.7,15.86,14.95,14.76,14.67,14.46,14.41,14.4,14.73,15.89,16.54,15.83,16.34,15.19,14.42,14.75,15.19,15.88,15.15,14.38,15.04,16.14,17.08,16.32,16.42,15.49,14.27,14.73,16.51,17.87,17.11,15.31,15.5,16.55,16.75,16.27,16.41,15.62,15.36,15.4,15.36,16.34,16.01,14.39,14.62,15.23,15.92,15.77,15.81,15.1,15.11,14.12,13.42,13.63,13.76,13.85,13.8,15.0,15.51,15.55,15.68,14.87,14.08,13.97,14.22,13.81,14.2,13.81,14.65,15.7,15.96,15.78,15.78,15.07,14.04,13.75,14.67,14.34,13.83,13.86,14.32,15.47,16.22,15.78,16.1
Pennsylvania,7.97,7.91,7.97,7.82,7.84,7.96,8.01,8.11,8.28,8.46,8.35,8.32,7.97,8.06,7.91,8.0,7.99,7.99,8.12,8.22,8.6,8.66,8.6,8.39,8.23,8.26,8.24,8.3,8.58,8.37,8.58,8.59,8.95,9.1,8.96,8.63,8.48,8.71,8.44,8.83,8.83,8.87,9.0,9.23,9.33,9.51,9.38,9.15,9.05,8.99,8.89,8.98,9.08,9.08,9.11,9.25,9.7,9.85,9.78,9.36,9.38,9.31,9.16,9.24,9.64,9.44,9.68,9.6,9.98,9.82,9.93,9.62,9.52,9.4,9.48,9.85,10.47,10.23,10.16,10.33,10.48,10.83,10.76,10.37,10.13,10.21,10.11,10.5,10.54,10.31,10.27,10.25,10.58,10.92,10.84,10.63,10.27,10.24,10.26,10.22,10.13,9.85,9.84,9.54,9.91,9.99,9.99,9.76,9.66,9.86,10.0,9.94,9.8,9.73,9.74,9.62,9.76,10.08,10.06,9.85,9.58,9.69,9.95,10.72,11.19,10.69,10.15,9.81,10.23,10.35,10.17,9.97,9.69,9.93,10.13,10.28,10.66,10.59,10.1,10.1,10.46,10.42,10.55,10.48,10.27,10.3,10.38,10.52,10.58,10.33,10.24,10.07,10.04,10.2,10.39,10.31,10.02,10.08,10.19,10.36,10.42,10.25,10.11,9.97,10.05,10.24,10.17,10.01,10.01,9.99,10.3,10.73,10.47,10.03,9.95,9.83,10.03,10.07,9.97,9.86
East North Central,6.5,6.31,6.31,6.36,6.3,6.49,6.55,6.52,6.88,7.08,7.08,6.82,6.67,6.48,6.55,6.57,6.58,6.62,6.74,6.81,7.23,7.43,7.39,7.17,6.99,6.89,6.74,7.08,7.18,7.21,7.42,7.54,7.7,7.99,7.98,7.62,7.5,7.34,7.34,7.75,7.82,7.64,7.79,7.97,8.26,8.36,8.42,8.07,7.91,8.07,7.85,7.94,8.03,8.05,8.33,8.21,8.81,8.96,8.86,8.67,8.8,8.78,8.68,8.83,8.81,8.89,8.83,9.07,9.26,9.24,9.27,9.03,8.73,8.6,8.63,8.61,8.63,8.7,8.83,9.01,9.33,9.49,9.51,9.31,9.05,9.05,8.85,8.83,9.01,9.0,8.99,9.13,9.57,9.76,9.69,9.33,9.09,9.11,9.1,9.21,9.14,9.14,9.08,9.33,9.38,9.73,9.46,9.35,9.16,9.18,9.23,9.04,9.13,9.17,9.18,9.46,9.53,9.74,9.66,9.32,9.29,9.23,9.12,9.38,9.61,9.61,9.55,9.58,9.99,10.02,10.06,9.69,9.76,9.75,9.71,9.65,9.76,9.76,9.61,9.68,9.94,10.28,10.18,9.91,9.75,9.83,9.69,9.66,9.66,9.67,9.72,9.84,9.98,10.13,10.18,9.98,9.89,9.94,9.97,9.85,9.97,10.2,9.96,10.14,10.28,10.22,10.17,10.04,9.92,10.1,10.01,10.26,10.1,10.02,10.09,10.1,10.15,10.35,10.2,9.96
Illinois,6.89,6.44,6.33,6.35,6.26,6.69,6.75,6.7,7.25,7.59,7.63,7.22,7.0,6.34,6.49,6.59,6.54,6.6,6.78,6.85,7.38,7.81,7.6,7.35,7.15,6.72,6.25,6.42,6.72,6.66,6.91,7.01,7.49,7.9,7.78,7.5,7.19,6.68,6.69,8.35,8.51,7.73,8.1,8.56,8.86,8.81,8.97,8.72,8.65,9.18,8.54,8.45,8.55,8.78,8.99,8.38,9.61,9.17,8.96,9.06,9.56,9.55,9.22,9.27,9.34,9.34,9.19,9.24,9.29,9.13,9.17,9.13,8.95,8.83,8.59,8.56,8.71,8.9,8.83,9.05,9.58,9.65,9.75,9.17,8.98,8.89,8.47,8.43,8.79,8.89,8.75,8.94,9.35,9.47,9.39,9.1,8.9,9.04,8.55,8.64,8.69,8.58,8.59,8.94,8.47,8.64,8.54,8.48,8.33,8.24,7.99,7.83,8.05,7.88,8.0,8.46,7.92,8.12,8.21,7.88,8.09,7.83,7.62,8.27,8.74,8.81,8.68,8.79,9.04,8.95,9.23,8.9,9.24,8.9,8.84,9.0,9.22,9.35,9.13,9.12,9.21,9.55,9.58,9.42,9.39,9.32,8.93,8.86,8.96,9.03,9.02,9.34,9.32,9.43,9.4,9.25,9.15,9.21,8.91,8.75,8.98,9.95,9.24,9.59,9.67,9.34,9.42,9.19,9.17,9.43,9.16,10.07,9.11,9.18,9.36,9.4,9.44,9.36,9.56,9.28
Indiana,5.45,5.43,5.28,5.26,5.31,5.48,5.5,5.54,5.63,5.81,5.84,5.67,5.71,5.75,5.54,5.56,5.65,5.56,5.86,5.86,5.95,6.01,6.05,5.88,6.07,6.01,5.87,6.02,6.18,6.34,6.72,6.68,6.59,6.68,6.7,6.46,6.45,6.36,6.33,6.01,6.18,6.32,6.53,6.52,6.49,6.75,6.79,6.77,6.56,6.63,6.35,6.54,6.59,6.32,6.92,6.89,7.02,7.37,7.46,7.41,7.62,7.56,7.32,7.46,7.62,7.72,7.59,7.66,7.65,7.66,7.67,7.48,7.27,7.19,7.19,7.15,7.24,7.23,7.36,7.49,7.47,7.73,7.79,7.97,8.0,8.19,7.88,7.92,7.99,7.93,7.96,8.05,8.24,8.41,8.26,8.26,8.21,7.96,7.98,8.19,8.19,8.35,8.45,8.23,8.34,8.25,8.2,8.21,8.11,8.11,8.29,8.34,8.41,8.54,8.66,8.6,8.67,8.81,8.82,8.72,8.74,8.67,8.61,8.76,8.93,8.83,8.87,8.8,9.0,9.17,9.14,9.03,9.11,9.06,8.95,8.86,8.83,8.81,8.85,8.64,8.86,8.88,8.83,8.78,8.65,8.79,8.66,8.6,8.58,8.72,9.12,8.99,9.06,9.18,9.34,9.39,9.46,9.71,9.62,9.48,9.57,9.53,9.64,9.54,9.65,9.7,9.62,9.7,9.65,9.79,9.49,9.46,9.48,9.55,9.52,9.41,9.64,9.74,9.67,9.77
Michigan,6.84,6.52,6.83,6.91,6.93,6.84,6.93,6.72,7.22,7.38,7.4,7.2,7.05,6.72,7.29,7.22,7.1,7.32,7.17,7.1,7.76,8.02,7.93,7.85,7.29,7.46,7.43,8.13,7.77,7.96,8.25,8.54,8.57,8.82,9.04,8.25,8.24,8.33,8.46,8.48,8.67,8.56,8.48,8.37,8.9,8.83,9.09,8.25,8.26,8.36,8.44,8.64,8.66,8.68,8.81,8.59,9.37,9.99,9.84,9.17,9.11,8.96,9.24,9.45,9.23,9.15,8.93,9.86,10.21,10.2,10.43,10.09,9.57,9.31,9.85,9.53,9.4,9.42,10.02,10.23,10.42,10.64,10.7,10.38,9.78,9.71,9.71,9.9,10.18,9.95,9.92,10.45,10.91,11.01,11.21,10.1,9.89,9.9,10.47,10.68,10.56,10.62,10.32,11.1,11.17,12.21,11.37,10.95,10.73,10.84,11.37,10.84,10.84,11.12,10.91,11.52,11.75,11.99,11.71,11.06,11.06,10.94,11.12,11.05,10.98,11.14,10.93,11.01,11.42,11.37,11.48,11.01,10.89,10.9,10.87,10.5,10.57,10.59,10.34,10.71,10.9,11.85,11.51,10.81,10.51,10.72,10.83,10.86,10.88,10.69,10.58,10.85,11.14,11.54,11.8,11.45,11.24,11.14,11.47,11.53,11.41,11.38,11.07,11.5,11.62,11.7,11.48,11.15,11.03,11.21,11.42,11.54,11.61,11.56,11.47,11.46,11.63,12.27,11.52,11.28
Ohio,6.59,6.49,6.51,6.56,6.45,6.74,6.74,6.78,7.04,7.19,7.16,6.82,6.76,6.74,6.62,6.61,6.67,6.7,6.82,7.01,7.29,7.39,7.47,7.19,7.05,7.01,6.92,7.34,7.47,7.5,7.51,7.63,8.05,8.09,8.11,7.77,7.68,7.6,7.49,7.66,7.57,7.61,7.74,7.94,8.17,8.46,8.41,8.04,7.75,7.77,7.65,7.79,7.97,7.98,8.15,8.38,8.72,8.9,8.8,8.55,8.59,8.57,8.56,8.57,8.55,8.91,9.1,9.3,9.42,9.59,9.56,9.05,8.77,8.68,8.66,8.72,8.7,8.74,8.8,8.95,9.35,9.44,9.36,9.4,9.06,9.04,8.92,8.64,8.74,8.81,8.79,8.79,9.32,9.69,9.59,9.26,8.9,8.94,8.93,9.03,8.76,8.71,8.63,8.88,9.19,9.54,9.41,9.32,9.09,9.16,9.23,8.84,8.85,8.94,8.88,9.12,9.49,9.72,9.56,9.25,9.01,9.14,9.01,9.27,9.45,9.45,9.37,9.4,10.07,10.21,10.08,9.38,9.55,9.85,9.83,9.76,9.86,9.83,9.51,9.67,10.07,10.39,10.29,9.87,9.79,10.03,9.88,9.76,9.73,9.69,9.69,9.62,9.77,9.87,9.89,9.62,9.52,9.55,9.82,9.47,9.66,9.72,9.59,9.57,9.8,9.88,9.87,9.74,9.65,9.71,9.73,9.79,9.98,9.73,9.79,9.75,9.91,10.02,9.84,9.38
Wisconsin,6.49,6.57,6.55,6.73,6.65,6.54,6.77,6.77,7.2,7.25,7.25,7.16,6.72,6.85,6.86,6.97,7.09,6.98,7.2,7.26,7.76,7.84,7.92,7.72,7.47,7.42,7.63,7.89,8.08,7.83,8.01,8.09,7.69,8.53,8.48,8.32,8.09,8.07,8.08,8.26,8.39,8.07,8.16,8.38,8.82,8.85,8.76,8.55,8.29,8.3,8.28,8.43,8.49,8.5,8.79,8.81,9.2,9.46,9.39,9.22,8.97,9.19,9.03,9.76,9.49,9.21,9.19,9.18,9.81,9.62,9.57,9.49,9.09,9.0,9.06,9.41,9.4,9.33,9.3,9.5,9.97,10.11,10.09,9.95,9.63,9.68,9.69,9.99,10.01,9.91,9.98,9.93,10.58,10.66,10.46,10.44,10.07,10.14,10.15,10.17,10.25,10.17,10.15,10.1,10.56,10.86,10.63,10.61,10.2,10.26,9.95,10.4,10.58,10.43,10.46,10.47,10.91,11.13,11.22,10.82,10.47,10.5,10.21,10.44,10.82,10.44,10.56,10.59,11.12,11.12,10.99,11.0,10.43,10.63,10.57,10.69,10.84,10.69,10.72,10.82,11.4,11.34,11.24,11.28,10.86,10.58,10.59,10.79,10.79,10.7,10.65,10.94,11.37,11.42,11.15,10.94,10.66,10.72,10.71,10.92,10.94,10.87,10.82,11.18,11.37,11.33,11.14,11.25,10.64,11.01,10.98,10.96,11.02,10.68,10.86,11.14,10.65,11.08,11.06,10.96
West North Central,5.81,5.59,5.6,5.65,5.67,5.81,5.84,6.2,6.78,7.08,7.01,6.5,5.95,5.83,5.85,5.75,5.89,5.94,6.06,6.39,7.01,7.19,7.15,6.76,6.12,6.02,6.02,6.12,6.26,6.14,6.2,6.64,7.3,7.57,7.4,6.91,6.39,6.16,6.06,6.23,6.27,6.4,6.57,6.74,7.55,7.74,7.56,6.98,6.48,6.34,6.38,6.36,6.41,6.58,6.67,7.08,7.83,8.14,8.0,7.42,6.95,6.87,6.88,6.87,7.14,7.35,7.28,7.61,8.3,8.52,8.46,7.85,7.32,6.99,7.0,6.96,7.09,7.26,7.34,7.79,8.48,9.0,8.87,8.31,7.73,7.62,7.57,7.57,7.64,7.78,7.88,8.29,8.97,9.33,9.25,8.72,8.03,7.73,7.73,7.84,7.94,8.06,8.09,8.43,9.2,9.48,9.45,8.89,8.23,7.97,8.09,8.22,8.47,8.53,8.48,8.98,9.76,10.03,9.94,9.37,8.66,8.43,8.42,8.45,8.6,8.88,8.84,9.13,9.89,10.11,10.2,9.49,8.84,8.59,8.5,8.58,8.68,8.65,8.9,9.21,10.23,10.42,10.23,9.67,9.05,8.85,8.81,8.78,8.89,9.05,9.02,9.58,10.47,10.6,10.55,10.01,9.22,9.15,8.91,8.99,9.27,9.25,9.41,9.85,10.79,11.06,10.85,10.28,9.45,9.27,9.17,9.09,9.31,9.4,9.28,10.03,10.78,10.96,10.73,10.15
Iowa,5.95,5.81,5.83,6.09,6.05,6.0,6.12,6.08,6.92,7.58,7.47,6.9,6.29,6.14,6.29,6.21,6.23,6.24,6.46,6.58,7.19,7.75,7.79,7.11,6.23,6.2,6.5,6.77,7.07,6.88,6.57,6.56,7.15,7.82,7.79,7.51,6.71,6.41,6.36,6.54,6.62,6.49,6.59,6.63,7.2,7.76,7.67,7.14,6.54,6.26,6.39,6.24,6.15,6.43,6.57,6.76,7.35,7.95,8.07,7.4,6.75,6.47,7.22,6.92,6.99,7.12,7.13,7.1,7.74,8.87,8.51,7.82,6.95,6.5,6.83,6.76,6.72,7.03,7.21,7.42,7.81,9.07,8.8,8.02,7.4,7.14,7.36,7.27,7.26,7.26,7.18,7.3,7.96,8.63,8.4,7.9,7.44,7.14,7.08,7.2,7.11,7.34,7.51,7.42,8.13,8.79,8.95,8.03,7.36,7.12,7.49,7.78,7.7,7.86,7.69,7.57,8.39,9.1,9.12,8.58,8.03,7.64,7.77,7.85,7.82,8.25,8.23,7.84,8.5,9.16,9.97,8.8,7.64,7.12,7.58,7.84,7.81,7.93,7.95,7.92,9.55,10.25,9.91,9.04,7.96,7.48,7.64,7.94,7.79,7.95,7.68,8.32,10.2,10.75,10.72,9.45,7.96,7.72,7.71,8.12,8.03,7.86,8.02,8.26,10.18,11.13,10.94,9.86,7.92,8.06,8.13,8.39,8.59,8.59,8.38,8.56,10.5,11.06,10.78,9.74
Kansas,6.21,6.09,5.98,5.94,5.92,6.02,6.18,6.43,6.61,6.92,7.07,6.83,6.24,6.24,6.03,5.95,6.2,6.28,6.32,6.3,6.65,7.0,7.16,7.2,6.71,6.47,6.3,6.32,6.18,6.58,6.69,6.96,7.58,7.76,7.6,7.44,6.77,6.02,5.86,6.33,6.39,6.55,6.74,6.98,7.59,7.69,7.44,7.06,6.72,6.44,6.29,6.58,6.71,7.26,7.26,7.55,8.36,8.93,8.45,7.81,7.43,7.18,7.14,7.34,8.03,8.12,8.12,8.22,8.69,8.59,8.71,8.5,8.18,7.81,7.53,7.57,7.93,8.02,8.02,8.18,8.62,9.02,9.01,8.46,8.06,8.05,7.92,8.1,8.3,8.43,8.55,8.79,9.33,9.53,9.44,9.11,8.62,8.52,8.44,8.63,8.83,8.77,8.83,9.18,9.82,9.88,9.73,9.43,9.08,8.82,9.0,9.07,9.44,9.28,9.43,9.6,10.01,10.13,10.07,9.77,9.27,9.14,9.19,9.42,9.46,9.79,9.92,10.08,10.35,10.72,10.75,10.23,10.1,9.9,9.47,9.67,9.81,9.88,10.03,9.82,10.48,10.48,10.31,10.05,9.77,9.92,9.93,10.01,10.22,10.31,10.21,10.49,10.93,10.85,10.76,10.41,10.31,9.97,9.89,9.97,10.14,10.36,10.45,10.67,10.99,11.17,11.04,10.9,10.5,10.33,10.04,10.19,10.44,10.32,10.37,10.53,10.32,10.65,11.06,10.49
Minnesota,5.72,5.54,5.79,5.92,5.82,5.94,5.92,6.12,6.71,7.23,7.03,6.63,6.11,6.0,6.28,6.12,6.15,6.11,6.36,6.37,7.45,7.34,7.28,7.18,6.46,6.4,6.63,6.7,7.0,6.31,6.28,6.79,7.55,7.99,7.55,6.81,6.81,6.86,6.67,6.99,7.16,7.13,7.49,7.13,8.19,8.29,7.79,7.27,7.02,6.99,7.36,7.42,7.35,7.24,7.14,7.59,8.22,8.69,8.37,7.82,7.61,7.77,7.7,7.86,8.0,8.19,7.94,8.04,8.66,8.77,8.85,7.9,7.84,7.68,7.89,7.9,7.98,7.92,7.89,7.97,8.68,9.07,8.99,8.57,8.23,8.34,8.42,8.4,8.28,8.4,8.55,8.72,9.1,9.32,9.2,9.15,8.49,8.07,8.24,8.57,8.6,8.66,8.49,8.51,9.23,9.46,9.51,9.37,8.87,8.68,8.77,9.03,9.23,9.11,9.18,9.5,10.12,10.18,10.08,9.84,9.33,9.24,9.27,9.37,9.6,9.74,9.44,9.41,10.14,10.15,10.13,9.77,9.41,9.26,9.14,9.28,9.26,9.04,9.38,9.69,10.42,10.41,10.22,10.0,9.72,9.42,9.34,9.72,9.72,9.64,9.8,9.97,10.12,10.42,10.41,10.66,9.99,10.11,9.59,9.93,10.65,10.02,10.35,10.46,11.11,11.31,10.87,11.1,10.51,10.16,10.01,10.12,10.25,10.05,9.9,10.7,11.23,11.23,11.04,11.29
Missouri,5.61,5.42,5.35,5.32,5.4,5.58,5.59,6.48,7.09,7.12,7.04,6.14,5.51,5.4,5.37,5.36,5.58,5.59,5.69,6.67,7.13,7.18,7.07,6.11,5.54,5.52,5.4,5.5,5.61,5.6,5.91,6.72,7.48,7.44,7.3,6.52,5.83,5.68,5.7,5.7,5.65,5.77,6.04,6.67,7.67,7.76,7.75,6.69,5.87,5.91,5.83,5.72,5.81,5.94,6.22,6.98,7.92,7.99,7.95,7.04,6.44,6.46,6.33,6.23,6.46,6.74,6.73,7.57,8.55,8.53,8.51,7.7,6.88,6.41,6.45,6.33,6.4,6.6,6.83,7.88,8.86,9.29,9.13,8.32,7.53,7.41,7.18,7.27,7.39,7.54,7.65,8.66,9.56,10.0,10.08,8.75,7.84,7.58,7.48,7.48,7.56,7.61,7.74,8.83,9.85,9.93,9.88,8.73,7.77,7.55,7.63,7.79,8.1,8.18,8.08,9.45,10.51,10.77,10.62,9.28,8.19,8.09,7.93,7.94,8.09,8.3,8.42,9.56,10.59,10.62,10.55,9.34,8.47,8.39,8.18,8.1,8.25,8.11,8.47,9.48,10.76,10.88,10.77,9.65,8.85,8.88,8.78,8.16,8.33,8.58,8.68,9.88,11.18,10.98,11.07,9.79,8.82,8.98,8.8,8.5,8.77,8.91,9.08,10.3,11.49,11.6,11.41,9.81,9.21,9.0,8.85,8.48,8.85,9.13,8.94,10.65,11.63,11.63,10.93,9.55
Nebraska,5.55,5.11,5.18,4.93,5.21,5.45,5.35,5.46,6.18,6.41,6.44,6.14,5.54,5.36,5.24,5.09,5.35,5.66,5.29,5.62,6.15,6.64,6.58,6.54,5.66,5.43,5.26,5.3,5.54,5.73,5.62,5.84,6.5,6.77,6.89,6.72,5.83,5.64,5.59,5.6,5.57,6.08,5.82,6.06,6.72,7.03,6.9,6.86,6.2,5.74,5.75,5.71,5.84,6.23,6.16,6.22,7.09,7.16,7.15,7.2,6.35,6.15,6.08,6.25,6.67,7.05,6.88,7.05,7.74,8.14,7.83,7.68,6.95,6.68,6.5,6.49,6.86,7.24,6.91,7.36,8.11,8.48,8.39,8.2,7.31,7.01,6.97,6.94,7.09,7.53,7.5,7.61,8.4,8.85,8.71,8.62,7.7,7.23,7.33,7.51,7.75,8.28,8.02,7.83,8.6,9.31,9.13,9.02,8.23,7.71,7.74,7.81,8.23,8.68,8.3,8.33,9.14,9.79,9.51,9.48,8.54,8.08,8.08,8.06,8.16,8.78,8.59,8.51,9.19,9.88,9.62,9.42,8.67,8.33,8.22,8.19,8.45,8.94,8.76,8.82,9.59,10.03,9.7,9.57,8.76,8.46,8.4,8.4,8.6,9.13,8.79,8.89,9.69,10.08,9.63,9.59,8.69,8.48,8.45,8.34,8.47,9.24,8.9,8.96,9.77,9.91,9.77,9.71,8.72,8.58,8.72,8.38,8.47,9.1,8.9,9.08,9.45,9.84,9.7,9.65
North Dakota,5.74,5.14,4.93,5.27,5.27,5.51,5.57,5.76,6.15,6.23,6.29,6.2,5.97,5.68,5.53,5.22,5.36,5.5,5.78,5.86,6.35,6.32,6.47,6.58,6.19,5.97,5.6,5.78,5.68,5.61,5.79,5.96,6.18,6.42,6.5,6.63,6.21,5.76,5.54,5.67,5.63,6.18,5.89,6.14,6.53,6.65,6.74,6.86,6.63,6.5,6.35,6.12,6.5,6.4,6.55,6.52,6.92,6.91,6.91,7.04,6.84,6.67,6.45,6.17,6.44,6.44,6.56,6.98,7.29,7.28,7.25,7.2,6.79,6.78,6.44,6.41,6.78,6.68,6.93,7.21,7.7,7.88,7.81,7.72,7.21,7.03,6.93,6.46,6.86,6.89,7.22,7.45,8.1,8.04,8.02,8.09,7.64,7.47,7.55,6.99,7.51,7.48,7.83,7.83,8.37,8.31,8.37,8.32,7.96,7.74,7.63,7.29,7.74,7.9,7.93,8.29,8.92,8.61,8.9,8.81,8.37,8.02,8.03,7.6,8.17,8.2,8.17,8.56,9.49,9.08,9.21,9.16,8.68,8.28,8.1,8.15,8.57,8.34,9.12,8.92,9.6,9.38,9.39,9.42,8.91,8.49,8.4,8.3,8.83,8.81,8.67,9.24,9.45,9.39,9.66,9.72,9.32,9.12,8.48,8.73,9.0,8.93,9.24,9.44,9.85,9.64,9.83,9.79,9.3,8.89,8.79,8.59,8.79,8.92,9.03,9.28,9.66,9.58,9.62,9.64
South Dakota,6.45,6.23,6.08,6.14,6.19,6.36,6.48,6.61,6.96,7.06,6.9,6.85,6.7,6.49,6.33,6.11,6.22,6.36,6.44,6.7,6.96,6.92,6.67,7.02,6.74,6.48,6.71,6.16,6.41,6.4,6.43,6.81,6.96,7.3,6.99,7.0,6.81,6.65,6.4,6.45,6.44,6.68,6.69,6.79,7.05,7.19,7.15,7.2,7.03,6.86,6.69,6.64,6.73,6.73,6.85,7.12,7.28,7.34,7.32,7.46,7.33,7.02,6.88,6.9,7.05,7.06,7.12,7.42,7.54,7.63,7.55,7.54,7.41,7.33,7.23,7.06,7.25,7.33,7.55,7.88,8.14,8.31,8.19,8.15,7.95,7.73,7.58,7.58,7.56,7.68,7.77,8.0,8.48,8.5,8.34,8.46,8.29,8.08,7.98,8.05,8.15,8.23,8.35,8.57,8.62,8.88,8.82,8.9,8.63,8.14,8.21,8.12,8.47,8.53,8.47,8.93,9.2,9.4,9.42,9.3,8.98,8.67,8.57,8.56,8.85,8.83,8.88,9.09,9.44,9.57,9.38,9.34,9.17,8.94,8.89,9.02,9.1,9.0,9.16,9.15,9.5,9.79,9.76,9.65,9.5,9.12,8.99,9.08,9.15,9.55,9.64,9.93,10.1,10.3,9.95,10.29,9.97,9.79,9.52,9.28,9.49,9.81,9.91,10.06,10.33,10.39,10.21,10.31,10.16,10.02,9.88,9.65,9.66,9.55,9.63,9.93,10.18,10.21,10.52,10.38
South Atlantic,6.85,6.7,6.61,6.73,6.8,6.78,6.94,6.95,7.18,7.36,7.41,7.32,7.12,6.97,6.9,7.15,7.24,7.26,7.2,7.32,7.59,7.86,7.97,8.04,7.73,7.62,7.65,7.94,8.02,8.01,8.13,8.21,8.57,8.77,8.91,8.72,8.56,8.48,8.27,8.15,8.26,8.29,8.36,8.34,8.77,8.99,9.18,8.98,8.76,8.6,8.55,8.66,8.64,8.77,8.82,8.93,9.55,9.97,9.99,9.9,9.74,9.44,9.64,9.76,9.98,9.91,9.77,9.84,10.04,10.19,10.07,10.06,9.92,9.7,9.51,8.95,9.59,9.45,9.37,9.48,9.81,10.03,9.99,9.79,9.6,9.45,9.51,9.57,9.67,9.62,9.6,9.75,10.08,10.21,10.26,10.06,9.74,9.62,9.63,9.61,9.69,9.62,9.53,9.66,10.03,10.15,10.02,9.95,9.58,9.55,9.53,9.47,9.56,9.48,9.45,9.55,9.96,10.08,10.07,10.02,9.68,9.61,9.69,9.99,10.15,9.98,9.91,9.9,10.29,10.41,10.33,10.28,9.95,9.88,9.82,9.91,10.07,9.92,9.76,9.79,10.06,10.54,10.24,10.14,9.83,9.66,9.65,9.8,9.79,9.68,9.57,9.62,10.04,10.15,10.17,10.04,9.74,9.63,9.55,9.83,9.99,9.89,9.81,9.8,10.17,10.38,10.33,10.35,10.08,9.92,9.87,10.19,9.96,9.81,9.78,9.76,10.07,10.12,9.88,9.96
Delaware,6.35,6.66,6.38,6.54,6.75,6.66,6.79,6.89,7.97,7.86,8.09,8.12,7.32,6.9,7.08,7.0,7.01,7.06,7.06,7.15,8.06,8.1,8.24,8.2,7.46,7.54,7.61,7.3,7.38,7.48,7.56,9.82,10.87,11.16,11.18,10.66,10.21,10.27,10.12,10.84,10.81,10.83,10.94,10.98,11.43,11.68,11.88,11.7,11.58,11.46,11.45,11.48,11.42,11.53,11.91,11.99,13.13,13.0,12.69,13.03,12.44,12.11,12.25,12.13,12.06,12.33,12.2,12.36,12.19,12.26,12.35,12.01,11.98,11.97,12.04,11.65,11.81,11.64,11.8,12.1,12.34,12.39,12.31,12.13,12.14,11.84,11.94,11.77,11.67,11.59,11.55,11.93,11.72,11.69,11.71,11.5,11.19,11.03,11.02,10.84,10.88,10.73,10.77,10.84,11.38,11.34,11.45,11.34,10.95,11.11,11.14,10.97,10.96,11.01,11.02,11.24,10.96,10.8,10.86,10.8,10.93,11.09,11.16,11.65,11.91,11.23,11.35,10.99,11.37,11.48,11.26,11.2,11.05,11.73,11.06,11.74,11.76,11.73,10.37,11.2,11.74,10.97,11.18,11.27,11.08,11.59,10.89,11.27,11.21,11.49,11.23,11.45,11.05,10.77,11.0,10.98,12.01,10.9,10.71,10.93,11.28,11.7,11.1,11.45,10.81,10.56,10.85,10.7,11.12,10.9,10.76,10.34,10.98,10.33,10.62,10.61,10.58,10.26,10.39,10.5
District of Columbia,6.72,6.31,6.25,6.4,6.41,6.47,6.35,7.99,8.28,8.59,8.39,8.43,6.98,6.52,6.4,6.97,8.66,8.39,8.84,9.34,9.61,9.64,9.98,9.73,9.17,9.16,8.28,9.0,8.91,9.04,9.46,9.34,10.72,12.39,12.24,11.34,11.35,10.24,10.75,10.77,11.1,11.0,11.29,11.36,12.21,12.46,13.02,12.55,12.68,11.99,12.07,12.65,12.56,12.9,13.83,12.88,13.6,14.22,14.53,14.01,14.05,13.17,13.01,13.44,13.68,14.14,13.89,13.37,14.01,14.12,13.76,14.73,13.42,13.03,13.15,13.09,13.66,13.47,13.42,13.73,13.89,14.85,14.25,13.74,13.91,13.17,13.26,13.15,13.3,13.41,12.99,13.07,13.18,12.64,12.71,12.51,12.6,12.18,12.03,11.94,11.98,11.95,12.03,12.02,11.96,11.76,11.66,11.63,11.9,11.53,11.68,11.77,11.73,11.8,11.7,11.75,11.74,12.01,11.99,11.91,11.86,12.04,11.85,12.83,13.05,12.42,12.13,12.54,12.1,11.61,11.87,11.73,12.09,11.96,11.8,12.68,12.75,12.39,12.38,11.5,12.35,12.11,11.7,12.15,12.01,12.13,12.56,11.78,12.41,11.8,12.08,11.82,11.85,11.38,11.64,11.6,12.18,11.99,11.86,11.8,12.06,12.31,12.03,11.78,11.73,11.3,11.36,12.09,12.09,12.33,11.96,11.91,12.39,10.78,12.77,11.87,11.93,11.41,12.26,11.87
Florida,8.02,8.01,7.93,8.01,8.05,8.07,8.48,8.08,8.09,8.06,8.17,8.18,8.22,8.11,8.07,8.34,8.49,8.63,8.55,8.6,8.61,8.71,8.82,8.89,8.94,8.99,8.91,10.18,10.33,10.38,10.39,10.38,10.41,10.44,10.53,10.49,10.5,10.59,10.33,10.05,10.12,10.19,10.19,10.13,10.2,10.27,10.4,10.37,10.38,10.37,10.2,10.21,10.19,10.32,10.32,10.43,10.65,10.86,11.23,11.17,11.19,11.05,11.25,11.62,11.89,11.75,11.46,11.36,11.33,11.51,11.42,11.44,11.43,11.46,11.21,8.62,10.69,10.81,10.61,10.63,10.72,10.79,10.83,10.84,10.86,10.83,10.89,10.79,10.83,10.78,10.67,10.79,10.89,10.93,10.94,10.81,10.75,10.76,10.69,10.65,10.71,10.55,10.49,10.57,10.74,10.6,10.6,10.66,10.55,10.81,10.42,10.31,10.38,10.26,10.1,10.19,10.25,10.36,10.29,10.53,10.27,10.4,10.32,10.66,10.97,10.81,10.63,10.7,10.93,10.87,10.88,11.14,10.86,11.0,10.81,10.83,11.06,10.64,10.56,10.49,10.63,10.81,10.69,10.71,10.52,10.51,10.31,10.5,10.37,10.1,9.89,9.79,10.01,10.11,10.33,10.26,10.13,10.13,10.0,10.41,10.76,10.52,10.4,10.25,10.79,10.75,10.72,10.97,10.92,11.05,10.67,10.97,10.98,10.48,10.15,10.29,10.18,10.15,10.14,10.14
Georgia,6.28,6.02,5.95,6.18,6.34,6.42,6.49,6.66,6.82,7.08,7.15,6.91,6.59,6.46,6.48,6.9,6.92,7.05,6.61,6.91,7.51,7.94,8.24,8.45,7.43,7.42,8.14,7.25,7.64,7.46,7.55,7.5,8.03,8.36,8.7,7.78,7.58,7.41,7.31,7.19,7.58,7.42,7.79,7.44,8.3,8.33,9.09,8.09,7.46,7.36,7.4,7.94,7.97,8.24,8.24,8.34,9.95,9.99,9.84,9.35,8.95,8.65,8.67,8.64,8.79,8.6,8.46,8.59,9.51,9.48,9.38,9.05,8.77,8.22,8.35,8.44,8.62,8.57,8.28,8.6,9.41,9.61,9.69,9.06,8.47,8.27,8.64,9.07,9.09,9.23,9.23,9.54,10.55,10.5,10.72,9.95,9.13,9.01,9.09,8.89,8.85,8.69,8.78,9.13,9.77,10.37,9.94,9.71,8.91,8.71,8.75,8.93,9.09,9.21,9.08,9.38,10.25,10.3,10.31,10.01,9.13,9.04,9.11,10.07,9.82,9.64,9.48,9.68,10.6,10.69,10.69,10.15,9.41,9.42,9.06,9.22,9.55,8.79,8.95,9.48,9.63,11.53,10.17,9.75,9.04,8.51,8.5,9.08,8.91,8.86,8.9,9.21,10.12,10.45,10.27,9.95,9.16,9.07,8.61,9.23,9.54,9.58,9.43,9.48,10.16,10.54,10.47,10.23,9.4,9.19,9.21,9.89,8.96,9.16,9.07,9.37,10.1,10.13,10.23,10.03
Maryland,6.19,5.84,5.85,5.96,6.32,6.06,6.22,6.77,7.65,8.2,8.32,7.75,7.17,7.16,6.93,7.17,7.18,7.13,7.15,7.62,8.31,8.51,8.62,8.6,7.85,7.73,7.52,8.18,8.22,8.32,8.29,8.56,10.35,10.72,11.04,11.1,10.78,10.19,10.24,9.82,10.09,10.28,10.39,10.62,12.3,12.52,12.59,12.18,12.03,11.58,11.85,12.02,12.06,12.02,12.18,12.29,13.38,14.02,13.61,13.9,13.55,12.52,13.01,13.2,13.45,13.45,12.87,13.16,13.26,13.57,13.45,13.1,12.8,12.38,12.48,12.77,12.92,12.76,12.57,12.44,13.12,13.24,12.93,12.84,12.12,12.04,12.29,12.31,12.49,12.3,12.22,12.24,12.26,12.16,12.22,11.93,11.56,11.24,11.5,11.43,11.43,11.28,11.23,11.18,11.52,11.59,11.57,11.47,11.35,10.92,11.29,11.22,11.27,11.19,11.16,11.15,11.97,12.02,12.21,12.1,11.84,11.62,11.9,12.35,12.81,12.55,12.25,12.03,12.05,12.06,11.97,11.74,11.87,11.71,11.94,12.13,12.23,12.24,12.07,11.72,12.31,12.11,12.22,11.94,12.23,12.04,12.31,12.33,12.24,12.25,12.14,12.24,12.33,12.14,11.99,12.04,12.41,12.12,12.33,12.49,12.52,12.25,12.15,12.14,12.01,11.7,11.91,11.61,11.9,11.62,11.86,11.84,12.06,11.31,11.55,11.33,11.78,11.54,11.31,11.39
North Carolina,6.94,6.64,6.67,6.83,6.91,6.89,6.76,6.72,6.88,7.23,7.31,7.32,7.17,6.89,6.87,7.04,7.1,7.09,6.96,6.97,7.1,7.46,7.56,7.58,7.61,7.42,7.32,7.46,7.44,7.46,7.46,7.4,7.49,7.86,7.84,7.91,7.68,7.6,7.57,7.45,7.49,7.59,7.47,7.5,7.65,8.15,8.14,8.19,8.03,7.74,7.76,7.7,7.63,7.76,7.72,7.75,8.02,8.58,8.41,8.41,8.43,7.94,8.4,8.35,8.53,8.53,8.42,8.39,8.49,8.97,8.73,8.92,8.82,8.31,8.22,8.45,8.61,8.6,8.42,8.45,8.63,9.12,9.03,8.93,8.67,8.25,8.35,8.41,8.61,8.47,8.38,8.43,8.72,9.11,9.02,9.18,8.96,8.61,8.67,8.85,9.06,9.12,8.89,8.91,9.21,9.66,9.46,9.47,8.98,8.68,8.89,8.9,8.98,8.87,8.94,8.8,9.24,9.56,9.61,9.46,9.41,8.92,9.23,9.15,9.6,9.32,9.33,9.09,9.51,9.68,9.52,9.52,9.34,8.71,9.02,9.14,9.17,9.56,9.18,9.01,9.31,9.81,9.68,9.71,9.49,8.82,9.16,9.12,9.16,9.16,9.03,9.04,9.31,9.65,9.63,9.54,9.36,8.89,8.8,8.99,9.15,9.01,8.87,8.92,9.08,9.59,9.46,9.62,9.3,8.78,8.9,9.12,9.68,9.11,9.35,8.98,9.38,9.69,9.57,9.59
South Carolina,6.01,5.97,6.07,6.08,6.02,5.81,6.1,6.06,6.38,6.53,6.53,6.48,6.19,6.15,6.17,6.47,6.5,6.44,6.26,6.44,6.67,7.12,7.17,7.13,6.89,6.64,7.08,6.79,6.73,6.64,6.74,6.73,7.1,7.39,7.46,7.28,7.09,7.32,7.09,7.01,7.16,6.84,6.77,6.85,7.23,7.54,7.61,7.47,7.13,7.05,7.06,7.38,7.25,7.3,7.29,7.63,8.27,8.34,8.47,8.28,8.12,8.11,8.21,8.26,8.32,8.29,8.09,8.26,8.52,8.71,8.54,8.4,8.37,8.28,7.96,8.4,8.37,7.4,7.88,8.07,8.58,8.83,8.79,8.51,8.32,8.42,8.56,8.65,8.98,8.49,8.44,8.73,9.0,9.27,9.2,9.27,8.61,8.79,8.9,8.83,8.87,8.86,8.61,8.7,9.5,9.41,9.52,9.23,8.55,8.98,9.14,8.99,8.96,8.78,8.62,8.92,9.52,9.57,9.45,9.34,8.89,8.97,9.4,9.76,9.58,9.43,9.3,9.36,9.76,9.99,9.81,9.6,9.24,9.33,9.36,9.45,9.6,9.38,9.0,9.23,9.74,9.95,9.87,9.74,9.14,8.92,9.25,9.41,9.38,9.32,9.1,9.19,10.13,10.3,10.19,10.07,9.25,9.17,9.58,9.53,9.68,9.48,9.49,9.64,10.2,10.31,10.28,10.29,9.46,9.52,9.8,10.63,8.04,9.71,9.53,9.53,10.26,10.36,8.05,9.63
Virginia,6.23,6.11,6.18,6.34,6.25,6.28,6.29,6.5,6.62,6.75,6.71,6.56,6.3,6.27,6.27,6.47,6.42,6.39,6.52,6.46,6.69,6.94,6.96,6.91,6.51,6.53,6.46,6.6,6.58,6.68,6.67,6.83,7.01,7.12,7.22,6.94,6.78,6.96,6.63,6.79,6.8,6.85,6.81,6.93,7.26,7.39,7.53,7.37,7.09,7.07,7.02,7.1,7.12,7.13,7.16,7.28,7.65,8.91,8.93,8.67,8.49,8.58,8.81,8.93,9.01,9.03,8.95,9.16,9.3,9.05,9.1,9.18,8.79,8.74,8.74,8.83,8.93,8.59,8.53,8.6,8.78,8.97,8.85,8.58,8.62,8.48,8.59,8.5,8.46,8.56,8.51,8.61,9.09,9.36,9.51,9.09,8.88,8.96,8.99,9.05,9.21,9.18,8.96,9.27,9.47,9.43,9.21,9.0,8.74,8.84,8.9,8.72,8.83,8.82,8.76,8.85,9.21,9.37,9.32,9.27,8.95,9.07,8.9,8.89,8.86,8.94,8.94,8.93,9.33,9.79,9.59,9.6,9.22,9.46,9.41,9.47,9.53,9.47,9.01,9.13,9.45,9.5,9.41,9.34,8.97,9.18,9.03,9.1,9.27,9.07,9.17,9.21,9.63,9.38,9.36,9.19,8.68,8.95,8.88,9.05,8.76,8.94,8.9,8.99,9.23,9.89,9.8,9.51,9.49,9.24,9.3,9.47,9.56,9.45,9.43,9.43,9.79,9.83,9.83,9.55
West Virginia,5.57,5.62,5.41,5.33,5.25,5.33,5.41,5.17,5.09,5.21,5.11,5.07,5.05,5.18,5.09,5.19,5.12,5.19,5.1,5.19,5.2,5.24,5.16,5.09,5.15,5.16,5.1,4.95,5.0,4.99,4.95,4.97,4.91,5.05,5.09,5.12,5.08,5.1,5.09,5.1,5.14,5.11,5.1,5.04,5.14,5.36,5.55,5.4,5.37,5.46,5.45,5.43,5.47,5.43,5.42,5.47,5.4,5.66,5.8,5.69,5.68,5.82,5.78,6.27,6.62,6.68,6.67,6.68,6.62,6.51,6.63,6.43,6.74,7.02,6.9,7.27,7.33,7.27,7.22,7.23,7.14,7.53,7.69,7.58,7.46,7.88,7.62,7.67,7.62,7.74,7.76,7.84,7.72,8.04,8.11,7.94,8.06,7.99,8.12,8.12,8.21,8.22,7.78,8.25,7.99,8.19,8.06,8.2,8.1,8.26,8.16,7.95,8.23,7.98,8.07,7.96,7.88,7.94,7.93,7.81,7.63,7.81,7.7,7.83,7.91,7.78,7.76,7.58,7.65,7.58,7.49,7.45,7.41,7.67,7.57,7.68,7.85,8.02,7.96,7.9,8.26,8.33,8.41,8.23,8.2,8.42,8.36,8.88,8.98,8.75,8.69,8.67,8.74,8.93,9.04,8.88,8.83,9.09,9.16,9.26,9.23,9.2,9.07,8.91,8.82,8.95,8.94,8.72,8.85,9.0,9.01,9.07,9.2,9.0,8.93,8.86,8.76,8.87,8.69,8.52
East South Central,5.46,5.43,5.55,5.58,5.64,5.63,5.71,5.77,6.18,6.19,6.19,6.04,5.8,5.65,5.59,5.66,5.71,5.72,5.74,5.98,6.37,6.48,6.53,6.55,6.34,6.39,6.37,6.26,6.38,6.35,6.73,6.72,7.37,7.28,7.4,7.02,6.54,6.5,6.54,6.57,6.73,6.64,6.86,6.91,7.31,7.26,7.49,7.04,7.0,6.91,6.91,6.92,6.92,6.91,7.14,7.36,8.15,8.47,8.37,8.15,8.44,8.35,8.25,8.21,8.26,8.12,7.96,8.02,8.51,8.36,8.35,8.0,7.57,7.51,7.63,7.61,7.55,7.48,7.83,8.04,8.4,8.57,8.79,8.61,8.53,8.3,8.25,8.34,8.36,8.2,8.2,8.51,9.0,9.1,9.12,8.87,8.36,8.26,8.63,8.26,8.21,8.15,8.11,8.31,8.9,8.98,8.92,8.9,8.32,8.31,8.52,8.47,8.4,8.37,8.3,8.46,9.17,9.21,9.14,9.11,8.57,8.42,8.61,8.99,9.04,9.14,9.0,9.04,9.56,9.64,9.49,9.26,8.77,8.76,8.77,8.83,9.03,8.85,8.85,8.91,9.34,9.42,9.41,9.37,8.92,8.84,8.8,8.75,8.65,8.68,8.66,8.67,9.19,9.34,9.33,9.34,9.17,9.07,9.25,9.18,9.3,9.17,9.12,9.15,9.5,9.61,9.51,9.52,9.22,9.26,9.21,9.19,9.27,9.24,9.17,9.27,9.55,9.45,9.23,9.43
Alabama,5.61,5.59,5.94,5.88,5.91,6.02,6.2,6.09,6.37,6.43,6.41,6.32,6.24,5.66,5.65,5.73,5.81,5.93,5.91,6.26,6.83,6.97,6.95,7.24,6.65,6.77,6.74,6.29,6.53,6.52,7.08,6.89,7.77,7.72,8.02,7.39,6.64,6.69,6.66,6.87,7.19,7.02,7.2,7.36,7.85,7.67,8.4,7.66,7.53,7.31,7.26,7.65,7.52,7.22,7.42,7.8,9.1,9.41,9.26,9.21,9.38,9.26,9.08,8.99,8.87,8.66,8.71,8.56,9.6,9.06,9.19,8.7,8.03,8.08,8.61,8.58,8.25,8.36,8.58,8.85,9.17,9.14,9.57,9.25,9.16,8.91,8.95,8.9,8.92,8.44,8.59,9.19,9.77,9.84,9.85,9.38,9.18,9.09,9.85,8.75,8.82,8.73,8.72,8.84,9.7,9.81,9.7,9.49,8.9,8.71,8.88,8.77,8.79,8.76,8.57,8.82,9.69,9.51,9.56,9.6,8.87,8.42,8.54,9.25,9.22,9.07,8.85,9.16,9.78,9.84,9.84,9.52,8.84,9.04,8.83,8.95,9.36,9.11,9.06,9.46,9.88,9.91,9.86,9.83,9.01,8.74,8.74,8.99,9.03,9.12,9.28,9.34,9.86,10.07,10.01,9.99,9.84,9.41,9.76,9.57,9.86,9.74,9.59,9.77,10.15,10.26,10.25,10.33,9.82,9.67,9.53,9.73,9.4,9.41,9.46,9.67,9.98,9.92,9.98,10.02
Kentucky,4.21,4.27,4.3,4.33,4.37,4.3,4.29,4.47,5.04,5.11,5.08,4.76,4.4,4.48,4.55,4.62,4.55,4.47,4.57,4.81,5.3,5.49,5.62,5.05,4.78,4.75,4.81,4.83,4.97,4.89,5.09,5.18,6.09,6.11,6.27,5.56,5.37,5.39,5.62,5.42,5.65,5.44,5.78,5.66,6.36,6.4,6.31,5.73,5.57,5.65,5.76,5.5,5.66,5.82,5.72,5.84,6.7,6.89,6.75,6.39,6.5,6.43,6.24,6.51,6.63,6.41,6.31,6.4,6.84,7.11,7.04,6.46,6.06,6.03,6.19,6.3,6.46,5.84,6.32,6.49,6.87,7.16,7.5,7.01,6.92,6.83,6.87,6.95,6.98,6.81,6.85,7.37,7.46,7.6,7.57,7.38,6.83,6.84,7.01,6.96,6.92,6.84,6.85,7.24,7.49,7.5,7.52,7.49,6.93,7.01,7.14,7.21,7.3,7.2,7.1,7.36,7.75,7.99,7.84,7.89,7.55,7.61,7.8,8.19,8.24,8.18,8.07,8.15,8.4,8.44,8.23,8.07,7.78,7.85,7.86,7.8,8.08,7.87,7.82,7.73,7.95,8.2,8.4,8.28,8.0,8.08,8.07,8.11,7.99,7.91,7.98,7.95,8.42,8.52,8.46,8.49,8.27,8.35,8.43,8.44,8.45,8.3,8.25,8.23,8.44,8.68,8.49,8.57,8.3,8.5,8.42,8.31,8.5,8.19,8.26,8.39,8.64,8.52,8.29,8.52
Mississippi,6.35,6.29,6.28,6.39,6.47,6.48,6.83,7.0,7.61,7.51,7.52,7.42,6.98,6.85,6.78,6.5,6.68,6.97,6.91,7.16,7.41,7.54,7.6,8.34,8.3,8.53,8.25,8.28,8.45,8.43,8.36,8.37,8.94,8.36,8.38,8.24,7.55,7.24,7.06,7.48,7.56,7.63,7.91,8.04,8.19,8.11,8.49,8.19,8.11,8.01,7.97,8.05,7.97,8.12,8.3,8.56,8.9,9.89,9.87,9.58,9.33,9.34,9.29,8.83,8.98,8.93,8.9,8.93,9.01,8.85,8.79,8.8,8.61,8.46,8.25,8.09,8.2,8.15,8.48,8.7,8.83,9.03,9.07,8.92,8.55,8.44,8.43,8.64,8.77,8.81,8.71,8.81,9.16,8.99,9.04,8.87,8.51,8.52,8.61,8.47,8.56,8.53,8.23,8.37,8.83,8.85,8.72,8.69,8.26,8.38,8.47,8.62,8.78,8.62,8.9,8.88,9.61,9.51,9.49,9.42,9.0,9.07,9.12,9.38,9.41,9.59,9.5,9.5,10.01,10.11,10.05,9.91,9.54,9.46,9.53,9.58,9.66,9.55,9.54,9.61,9.96,9.73,9.59,9.62,9.26,9.22,9.12,8.88,8.61,8.62,8.3,8.36,8.83,8.77,8.78,8.77,8.89,8.85,8.93,8.92,9.2,9.13,9.21,9.1,9.4,9.36,9.32,9.34,9.2,9.08,9.03,9.02,9.48,9.47,9.34,9.44,9.62,9.23,9.3,9.16
Tennessee,6.0,5.96,6.06,6.1,6.16,6.11,6.06,6.14,6.24,6.19,6.21,6.13,6.07,6.14,6.02,6.16,6.18,6.21,6.13,6.24,6.37,6.35,6.4,6.36,6.44,6.63,6.71,6.65,6.67,6.68,7.14,7.12,7.28,7.28,7.27,7.23,7.02,7.06,7.08,6.97,6.95,6.95,7.08,7.13,7.17,7.16,7.15,7.0,7.29,7.27,7.27,7.15,7.11,7.16,7.72,7.79,8.07,8.19,8.12,8.06,9.03,9.02,9.09,8.93,8.92,9.01,8.59,8.6,8.7,8.42,8.46,8.31,8.16,8.05,7.98,7.75,7.71,7.98,8.34,8.51,8.81,8.99,9.0,9.16,9.43,9.16,8.95,8.99,8.9,9.08,8.86,8.76,9.46,9.76,9.73,9.64,9.05,8.81,9.19,8.97,8.75,8.71,8.71,8.81,9.4,9.53,9.47,9.67,9.18,9.19,9.59,9.32,8.91,9.05,8.87,8.96,9.67,9.8,9.63,9.4,8.84,8.78,9.07,9.2,9.31,9.76,9.59,9.43,10.03,10.11,9.82,9.51,9.06,8.91,9.11,9.18,9.21,9.05,9.13,8.98,9.58,9.7,9.64,9.61,9.35,9.32,9.27,8.99,8.83,8.91,8.8,8.73,9.29,9.56,9.62,9.64,9.36,9.44,9.61,9.53,9.5,9.37,9.28,9.3,9.76,9.83,9.66,9.55,9.36,9.6,9.65,9.45,9.6,9.85,9.53,9.5,9.77,9.78,9.21,9.65
West South Central,7.25,6.81,6.7,6.75,6.76,6.88,7.03,7.28,7.83,7.91,8.05,7.75,7.33,7.07,7.23,6.99,7.29,7.39,7.41,7.7,8.41,8.61,8.89,9.38,9.45,9.13,9.04,9.06,9.13,8.91,9.01,9.12,9.76,9.81,10.13,9.92,9.41,8.75,8.52,9.04,9.13,9.21,9.21,9.33,9.53,9.63,9.63,9.58,9.48,9.02,9.02,9.08,8.94,9.34,9.67,9.88,10.95,11.35,11.21,10.72,10.39,9.89,9.71,9.64,9.73,9.38,9.18,9.21,9.39,9.46,9.29,9.09,8.85,8.43,8.65,8.87,8.91,8.95,8.8,8.85,9.09,9.14,9.24,8.85,8.62,8.14,8.27,8.2,8.45,8.42,8.37,8.52,9.0,9.06,9.27,9.12,8.54,8.22,8.18,8.18,8.25,8.04,7.96,8.08,8.34,8.48,8.49,8.44,8.11,7.86,7.99,8.16,8.16,8.17,8.19,8.43,8.74,8.94,8.86,8.7,8.5,8.16,8.3,8.3,8.5,8.48,8.46,8.48,8.95,9.15,9.01,8.95,8.65,8.31,8.42,8.43,8.43,8.36,8.12,8.32,8.51,8.62,8.72,8.6,8.16,7.86,7.86,7.82,7.8,7.82,7.58,7.87,8.18,8.36,8.43,8.48,8.15,7.81,7.94,7.86,8.22,8.16,8.18,8.29,8.55,8.73,8.64,8.63,8.38,8.17,8.06,8.37,8.34,8.3,8.09,8.27,8.62,8.71,8.77,8.46
Arkansas,5.53,5.32,5.25,5.25,5.3,5.27,5.54,5.84,6.35,6.34,6.33,6.1,5.49,5.64,5.5,5.36,5.48,5.6,5.86,6.02,6.51,6.58,6.75,7.01,6.58,6.31,6.31,6.28,6.17,6.04,6.18,6.4,6.96,7.39,8.1,7.64,6.93,6.7,6.64,6.74,6.74,6.92,6.23,6.36,6.72,7.32,7.47,7.29,6.84,6.88,6.76,6.72,6.88,7.12,7.4,7.62,8.44,8.55,8.25,8.24,7.81,7.66,7.73,7.85,7.96,8.02,7.57,7.62,7.94,8.38,8.21,7.8,7.61,7.31,7.5,7.57,7.41,7.37,7.12,7.27,7.84,7.47,7.43,7.11,6.91,6.74,6.81,6.68,6.76,6.7,7.07,7.25,7.82,8.09,8.1,8.04,7.31,7.28,7.22,7.14,7.16,7.23,7.08,7.28,7.92,8.13,8.16,8.04,7.42,7.42,7.42,7.52,7.55,7.55,7.53,7.75,8.2,8.31,8.27,8.21,7.59,7.52,7.56,7.25,7.4,7.53,7.69,7.87,8.22,8.45,8.33,8.34,7.71,7.67,7.57,7.54,7.74,7.69,7.83,8.06,8.48,8.78,8.8,8.71,7.96,7.96,7.79,7.58,7.63,7.68,7.57,7.81,8.44,8.58,8.62,8.56,8.01,7.78,7.86,7.76,7.81,7.7,7.94,8.08,8.57,8.77,8.69,8.69,7.97,7.95,7.85,8.14,8.2,8.09,7.32,7.38,7.77,7.92,7.87,7.75
Louisiana,7.26,6.52,6.47,6.63,6.66,6.93,6.94,7.06,7.5,7.41,7.9,7.56,7.33,6.63,7.24,6.97,7.12,7.12,6.82,7.11,8.04,8.27,8.44,8.48,9.34,10.07,9.4,8.5,9.03,8.13,7.8,7.69,8.16,8.32,8.41,8.8,9.1,7.94,7.45,8.11,8.41,8.34,8.59,8.8,8.39,8.71,8.63,8.26,8.61,7.81,8.3,8.07,8.1,8.76,8.95,9.35,9.61,10.52,11.06,10.52,10.23,9.61,8.72,8.25,8.2,8.06,7.57,7.48,6.61,7.19,6.99,6.88,6.84,6.21,6.65,7.56,7.85,8.49,7.86,7.62,7.62,8.01,8.19,8.19,8.13,7.41,6.98,7.05,7.28,7.58,7.52,7.61,8.25,8.24,8.21,8.24,8.0,7.14,6.97,7.02,7.01,6.95,6.82,6.93,6.55,7.01,6.86,7.1,7.14,6.79,7.07,7.63,7.76,7.96,7.61,7.88,8.19,8.43,8.43,8.25,8.13,7.68,7.58,7.51,7.71,7.96,8.5,8.62,8.57,8.78,8.37,8.22,7.93,7.22,7.8,7.62,7.56,7.61,7.44,7.78,7.56,7.68,8.06,7.94,7.83,7.3,7.02,7.12,7.0,7.44,7.09,7.2,7.05,7.44,7.79,7.93,7.62,7.37,7.69,6.27,7.71,7.84,7.35,7.73,8.31,8.45,8.13,8.09,7.92,7.61,7.35,7.51,7.47,7.97,7.66,7.51,7.63,8.08,8.03,7.55
Oklahoma,6.36,5.43,5.06,5.44,5.66,5.96,6.51,6.08,7.4,7.47,7.33,7.07,6.58,5.85,6.01,5.7,6.02,6.03,6.07,6.1,7.2,7.24,7.55,8.2,7.93,6.74,6.76,7.79,7.33,6.83,7.1,6.87,7.74,7.7,8.12,8.01,7.13,6.25,5.48,6.35,6.63,6.46,6.83,6.97,7.58,7.87,8.04,8.03,7.66,7.19,6.93,6.63,7.02,7.07,7.16,7.65,8.83,9.39,9.33,8.87,8.36,7.51,6.7,7.0,7.67,6.75,6.94,6.98,7.26,7.7,7.71,7.66,7.44,6.6,6.49,6.77,6.87,6.79,7.32,7.68,8.07,8.42,8.4,8.29,7.67,6.98,7.09,7.0,7.15,7.21,7.46,7.51,8.27,8.38,8.47,8.77,7.9,7.34,7.12,7.17,7.53,7.38,7.31,7.45,7.72,7.74,8.05,7.88,7.35,6.98,6.93,6.74,7.2,7.5,7.76,7.92,8.42,8.38,8.34,8.54,7.98,7.27,7.14,7.29,7.87,7.77,7.93,7.96,8.59,8.86,8.59,8.95,8.12,7.47,7.4,7.17,7.52,7.51,7.62,7.8,8.3,8.36,8.4,8.42,7.96,7.25,7.01,6.84,7.2,7.17,7.29,7.54,8.02,8.25,8.48,8.59,8.16,6.89,7.46,7.65,8.06,7.82,8.22,8.02,8.31,8.51,8.52,8.5,8.26,7.81,7.52,7.59,7.77,7.86,7.82,7.72,8.59,8.39,8.56,8.29
Texas,7.61,7.31,7.26,7.21,7.18,7.22,7.32,7.68,8.16,8.28,8.42,8.12,7.67,7.57,7.65,7.43,7.76,7.88,7.91,8.27,8.88,9.15,9.47,10.06,10.09,9.68,9.74,9.81,9.91,9.82,9.96,10.12,10.81,10.83,11.15,10.75,10.16,9.66,9.56,10.03,10.08,10.21,10.16,10.22,10.52,10.48,10.44,10.47,10.31,9.91,9.89,10.1,9.79,10.19,10.55,10.61,11.94,12.25,11.93,11.38,11.07,10.65,10.8,10.65,10.73,10.31,10.1,10.19,10.59,10.39,10.19,10.0,9.74,9.49,9.64,9.72,9.74,9.63,9.48,9.53,9.77,9.75,9.86,9.32,9.1,8.7,9.0,8.92,9.2,9.04,8.87,9.05,9.44,9.5,9.78,9.51,8.93,8.77,8.8,8.78,8.85,8.54,8.47,8.55,8.92,8.99,8.95,8.87,8.53,8.29,8.47,8.61,8.51,8.43,8.49,8.71,8.99,9.23,9.1,8.89,8.78,8.51,8.77,8.79,8.92,8.85,8.63,8.6,9.17,9.36,9.31,9.19,9.0,8.81,8.86,8.95,8.88,8.75,8.39,8.55,8.77,8.85,8.9,8.76,8.28,8.08,8.2,8.16,8.1,8.03,7.74,8.08,8.44,8.55,8.54,8.57,8.29,8.06,8.09,8.27,8.42,8.35,8.41,8.47,8.64,8.82,8.76,8.77,8.55,8.4,8.35,8.72,8.67,8.47,8.33,8.65,8.94,8.98,9.07,8.78
Mountain,6.86,6.33,6.34,6.3,6.43,6.46,6.54,6.98,7.19,7.32,7.33,7.32,7.11,6.66,6.66,6.7,6.75,6.8,6.92,7.28,7.59,7.71,7.62,7.63,7.49,7.15,7.23,7.02,7.05,7.14,7.12,7.5,7.8,7.9,7.85,7.82,7.61,6.94,7.03,7.14,7.19,7.3,7.3,7.67,8.01,8.29,8.19,8.15,7.94,7.38,7.37,7.43,7.56,7.56,7.87,8.23,8.74,9.02,8.92,8.69,8.2,7.66,7.65,7.65,7.77,7.82,7.93,8.35,8.72,9.21,9.19,9.0,8.57,7.94,7.99,7.95,8.07,8.09,8.24,8.73,9.24,9.48,9.4,9.18,8.48,7.9,7.87,7.94,8.09,8.07,8.28,8.58,9.17,9.5,9.45,9.18,8.72,8.08,8.07,8.09,8.2,8.21,8.35,8.8,9.34,9.61,9.54,9.29,8.85,8.32,8.37,8.45,8.59,8.57,8.71,8.95,9.72,10.02,9.95,9.72,9.2,8.71,8.82,8.81,8.83,8.97,9.03,9.44,10.08,10.33,10.14,9.99,9.43,8.84,8.81,8.97,9.04,9.09,9.17,9.55,10.06,10.27,10.14,10.0,9.38,8.75,8.76,8.67,8.73,8.76,8.87,9.27,9.9,10.04,10.09,9.88,9.34,8.85,8.9,8.89,8.99,9.03,9.11,9.57,10.15,10.27,10.13,9.95,9.58,9.1,9.08,9.05,9.17,9.11,9.26,9.63,10.03,10.12,10.13,9.85
Arizona,7.6,6.54,6.65,6.74,6.86,6.95,6.98,7.91,8.09,8.02,8.07,8.08,7.79,7.21,7.21,7.06,7.16,7.13,7.48,8.28,8.37,8.36,8.35,8.33,8.18,7.15,7.09,7.17,7.22,7.25,7.63,8.69,8.88,8.88,8.8,8.79,8.64,7.62,7.64,7.5,7.58,7.71,7.87,8.77,8.79,9.34,9.29,9.12,8.94,8.03,7.92,8.02,8.14,8.24,8.59,9.42,9.89,9.99,9.97,9.48,9.17,8.34,8.43,8.46,8.65,8.69,9.02,10.02,10.09,10.36,10.37,10.07,9.75,8.77,8.66,8.56,8.71,8.73,8.87,10.22,10.52,10.77,10.61,10.32,9.7,8.89,8.7,8.69,8.8,8.83,9.38,10.08,10.52,10.77,10.56,10.23,9.77,8.82,8.74,8.68,8.72,8.8,9.38,10.29,10.56,10.72,10.66,10.32,9.89,9.03,8.98,9.08,9.3,9.26,9.81,10.27,10.89,11.21,11.03,10.78,10.12,9.27,9.41,9.36,9.55,9.36,9.76,10.67,10.96,11.18,10.96,10.73,10.11,9.31,9.24,9.39,9.52,9.57,10.07,10.74,11.3,11.43,11.22,11.07,10.31,9.23,9.2,9.27,9.44,9.45,9.92,10.81,11.09,11.32,11.51,11.11,10.43,9.54,9.54,9.62,9.67,9.67,10.23,11.23,11.34,11.63,11.3,11.14,10.94,10.07,9.99,10.0,10.19,10.07,10.64,11.4,11.55,11.71,11.6,11.34
Colorado,7.0,7.01,6.71,6.65,6.77,6.77,6.93,6.99,6.87,7.13,7.15,7.17,7.36,6.99,7.05,7.33,7.24,7.29,7.36,7.49,7.82,7.83,7.63,7.67,7.55,8.36,8.37,7.62,7.93,8.19,7.82,7.39,7.69,7.72,7.62,7.62,7.52,7.15,7.15,7.72,7.66,7.82,7.82,7.84,8.18,7.54,7.4,7.55,7.87,7.73,7.55,7.52,7.73,7.78,8.62,8.71,8.91,9.55,9.61,9.37,8.3,8.28,8.03,7.57,7.8,7.67,7.96,7.97,8.25,8.88,8.92,8.98,8.84,8.77,8.49,8.62,8.75,8.71,9.3,9.5,9.98,9.86,9.87,9.65,8.88,8.67,8.45,8.6,8.87,8.79,9.24,9.21,9.96,10.26,10.21,9.96,9.28,9.36,9.02,8.68,8.81,8.87,8.9,9.1,9.75,10.02,9.94,9.8,9.45,9.33,9.08,9.22,9.43,9.36,9.37,9.44,10.34,10.4,10.43,10.26,9.66,9.78,9.48,9.54,9.69,9.66,9.91,10.01,10.88,10.74,10.64,10.49,9.71,9.53,9.41,9.31,9.62,9.58,9.69,9.76,9.91,10.32,10.25,10.09,9.65,9.49,9.45,8.87,9.02,9.13,9.44,9.42,10.3,10.28,10.36,10.42,9.79,9.81,9.7,9.48,9.61,9.67,9.57,9.69,10.57,10.44,10.37,10.35,9.94,9.72,9.57,9.48,9.62,9.56,9.8,9.83,10.41,10.42,10.36,10.27
Idaho,4.87,4.93,4.96,4.87,4.97,4.92,4.78,4.85,5.13,5.04,5.1,5.15,4.79,4.96,4.91,4.95,4.93,4.97,4.81,4.89,5.3,5.29,5.28,5.13,5.17,5.11,5.2,5.15,5.16,5.17,5.08,4.93,4.88,4.81,4.77,4.7,4.66,4.76,4.78,4.75,4.74,4.91,4.65,4.64,5.16,5.28,5.49,5.36,5.18,5.25,5.2,5.33,5.29,5.45,5.39,5.28,6.04,5.91,5.96,5.89,5.9,5.95,5.99,5.99,6.14,6.11,6.17,6.02,6.93,7.07,6.8,6.64,6.54,6.5,6.94,6.62,6.53,6.55,6.45,6.54,6.69,6.72,6.62,6.53,6.33,6.45,6.49,6.57,6.53,6.55,6.37,6.57,6.95,6.74,6.67,5.77,6.29,6.42,6.17,6.66,6.62,6.62,6.6,6.48,7.1,7.45,7.47,6.72,6.87,6.84,6.9,7.1,7.05,6.99,6.95,7.0,8.0,8.22,8.15,7.76,7.79,7.73,7.91,7.52,7.61,7.67,7.6,7.63,8.21,8.43,8.35,8.13,7.84,8.03,7.94,8.06,7.9,7.9,7.82,8.46,8.41,8.41,8.38,8.04,7.93,7.81,8.06,8.0,8.04,8.05,7.87,7.83,8.47,8.39,8.33,8.04,8.07,8.14,8.03,7.92,8.08,8.08,7.96,7.98,9.17,8.53,8.6,8.21,8.2,8.19,8.35,8.38,8.39,8.21,8.11,8.3,8.48,8.29,8.43,7.75
Montana,6.31,6.2,6.17,5.83,5.81,5.91,5.92,5.98,6.16,6.31,6.32,6.26,6.15,6.11,6.14,6.17,6.31,6.28,6.39,6.56,6.5,6.65,6.75,6.93,6.9,7.06,7.01,6.88,6.94,6.7,6.41,6.45,6.6,6.83,7.0,7.07,7.32,7.2,7.08,7.19,7.13,7.43,7.32,7.43,7.6,7.67,7.68,7.65,7.78,7.34,7.52,7.63,8.38,7.83,7.91,8.1,7.83,8.12,8.28,8.24,7.73,7.47,7.3,7.25,7.26,7.33,7.08,7.2,7.32,7.36,7.27,7.33,7.38,7.33,7.4,7.43,7.46,7.59,7.44,7.49,7.47,7.79,7.95,8.04,8.0,7.93,7.83,8.05,8.12,8.13,7.99,8.17,8.13,8.44,8.38,8.69,8.1,8.07,8.28,8.19,8.1,8.14,7.98,8.18,8.14,8.36,8.44,8.34,8.37,8.32,8.36,8.34,8.28,8.51,8.42,8.56,8.77,8.85,8.8,8.66,8.7,8.57,8.64,8.64,8.56,8.75,8.29,8.41,8.49,8.76,8.78,8.83,8.78,8.72,8.37,9.35,8.72,8.93,8.82,8.99,9.08,9.16,8.95,8.82,8.81,8.75,8.67,8.62,8.68,8.89,8.69,8.9,9.15,9.18,9.1,8.95,9.0,8.78,8.86,9.03,8.89,8.81,8.72,9.0,9.15,9.2,9.15,8.97,9.13,9.0,9.13,9.03,8.84,9.04,8.79,8.94,9.0,9.3,9.17,8.8
Nevada,8.12,7.52,7.91,7.71,7.93,7.84,8.12,8.28,8.85,9.35,9.22,9.08,8.77,8.31,8.44,8.56,8.61,8.42,8.45,8.4,8.96,9.44,9.35,9.29,9.18,8.91,9.45,8.98,8.76,8.85,8.64,9.16,9.63,10.24,10.13,10.07,9.59,8.95,9.39,9.48,9.47,9.28,9.24,9.33,10.08,11.08,10.76,10.62,10.07,9.38,9.88,9.86,9.82,9.87,9.74,9.76,10.3,10.88,9.89,9.89,9.75,8.99,9.58,9.79,9.56,9.69,9.7,9.6,10.11,11.49,11.47,11.41,10.25,9.12,9.94,9.2,9.61,9.31,9.53,9.38,10.23,10.8,10.61,10.65,9.21,8.2,8.83,8.57,8.58,8.56,8.39,8.5,9.11,10.2,10.05,9.92,8.7,7.39,7.96,8.25,8.63,8.41,8.3,8.57,9.42,10.03,9.82,9.69,8.84,7.57,8.36,8.27,8.17,8.13,8.35,8.36,9.22,10.29,9.99,9.91,9.36,8.17,8.95,9.14,8.27,9.17,9.11,9.17,10.15,11.18,10.58,10.7,10.11,8.27,9.06,9.22,9.16,9.21,9.06,9.2,10.17,10.35,10.28,10.27,9.14,8.1,8.46,8.13,8.11,7.95,7.65,7.96,8.82,9.21,9.25,9.0,8.48,7.21,7.73,8.02,7.92,8.03,8.17,8.28,9.13,9.53,9.68,9.46,8.85,8.25,8.43,8.42,8.47,8.45,8.27,8.46,9.26,9.28,9.56,9.25
New Mexico,6.97,6.73,6.79,6.91,7.02,6.93,6.94,7.29,7.41,7.54,7.58,7.46,7.42,6.91,6.87,7.02,7.25,7.01,7.19,7.28,7.71,7.79,7.94,7.8,8.02,7.87,7.93,7.87,7.63,7.26,7.23,7.2,7.47,7.43,7.67,7.56,7.66,6.88,7.16,7.0,7.39,7.06,7.22,7.3,7.57,7.63,7.74,7.48,7.61,7.51,7.46,7.65,7.69,7.4,7.65,8.1,8.95,9.16,9.43,8.9,8.33,7.72,7.61,7.94,8.41,8.43,7.74,7.69,8.37,8.61,8.75,8.2,8.12,7.62,7.84,8.14,8.3,8.32,8.2,8.21,8.96,9.39,9.62,8.72,8.31,7.78,7.81,7.98,8.4,8.33,8.09,8.22,9.07,9.49,9.83,9.09,9.41,8.32,8.34,8.34,8.48,8.29,8.03,8.46,9.3,9.66,9.74,9.19,8.78,8.24,8.56,8.67,8.9,8.88,8.56,8.81,9.86,10.12,10.19,9.39,8.97,8.73,8.85,9.05,9.06,9.29,9.14,9.34,10.42,10.85,10.68,9.9,9.82,9.01,9.12,9.65,9.69,9.4,9.26,9.38,10.32,10.57,10.41,9.94,9.55,8.97,8.68,9.03,8.6,8.65,8.36,8.57,9.51,9.87,9.97,9.65,9.11,8.79,9.3,9.03,9.69,9.48,9.25,9.46,10.16,10.57,10.24,9.89,9.32,9.07,9.01,9.07,9.09,9.31,8.96,8.93,9.89,10.25,10.11,9.6
Utah,5.55,4.94,5.39,5.19,5.2,5.32,5.52,5.84,6.27,6.18,6.14,6.1,5.94,5.37,5.3,5.39,5.42,5.76,5.88,6.04,6.55,6.58,6.51,6.48,6.17,5.44,5.49,5.64,5.64,5.75,5.82,6.22,6.56,6.65,6.39,6.32,6.06,5.45,5.5,5.86,6.06,6.04,6.06,6.42,6.97,7.19,6.9,6.91,6.61,5.83,5.8,6.01,6.01,5.99,6.26,6.47,7.08,7.16,7.08,7.03,6.73,6.11,6.0,6.23,6.26,6.36,6.58,6.9,7.56,7.54,7.43,7.27,6.94,6.18,6.2,6.42,6.42,6.59,6.73,7.09,7.58,7.75,7.59,7.42,7.01,6.21,6.36,6.49,6.61,6.61,6.59,6.97,7.6,7.72,7.59,7.78,7.61,6.82,6.99,7.27,7.31,7.28,7.43,7.82,8.54,8.6,8.46,8.34,7.73,7.48,7.41,7.53,7.64,7.72,7.71,8.2,8.82,8.88,8.86,8.73,8.24,7.64,7.74,7.73,7.89,8.19,7.8,8.45,9.14,9.18,8.97,8.97,8.35,8.22,7.82,7.89,8.02,8.18,8.14,8.64,9.26,9.54,9.17,9.36,8.53,8.07,8.04,8.2,8.26,8.24,8.28,8.7,9.71,9.51,9.52,9.29,8.53,8.19,8.18,8.27,8.19,8.3,7.94,8.72,9.41,9.72,9.4,8.98,8.26,8.04,7.96,7.93,8.29,7.9,7.87,8.55,8.69,8.87,8.94,8.5
Wyoming,4.97,4.86,3.78,4.78,4.82,4.75,4.75,5.14,4.97,5.12,4.93,5.1,5.23,4.98,4.93,4.76,5.08,5.13,5.04,5.16,5.1,5.24,5.12,5.17,5.21,5.0,5.02,4.96,5.14,5.22,5.2,5.13,5.32,5.3,5.37,5.37,5.49,5.11,5.32,5.17,5.24,5.37,5.11,5.33,5.28,5.3,5.27,5.28,5.44,5.16,5.27,5.28,5.45,5.5,5.52,5.82,5.8,5.91,5.81,5.69,5.98,5.57,5.69,5.76,5.88,6.05,5.93,6.02,6.06,6.3,6.29,6.26,6.26,6.05,5.97,6.11,6.19,6.27,6.04,6.13,6.12,6.27,6.35,6.37,6.29,6.22,6.09,6.26,6.45,6.49,6.6,6.49,6.44,6.57,6.52,6.81,6.86,6.83,6.76,6.88,7.15,7.22,7.05,7.18,7.19,7.41,7.1,7.25,7.39,7.25,7.23,7.38,7.61,7.46,7.43,7.55,7.47,7.4,7.62,7.62,7.87,7.54,7.71,7.52,7.74,7.84,7.72,7.74,7.83,7.77,7.84,7.91,7.91,7.78,7.79,7.73,7.97,8.21,8.0,8.02,7.98,8.0,7.99,7.86,8.06,7.82,7.82,7.97,8.21,8.19,8.16,8.3,8.29,8.18,8.34,8.16,8.17,8.2,8.17,8.13,8.37,8.36,8.27,8.48,8.38,8.28,8.13,8.21,8.45,8.12,8.26,8.07,8.21,8.27,8.17,8.29,8.28,8.16,8.03,8.15
Pacific Contiguous,9.03,9.36,9.13,9.05,9.11,9.03,8.57,8.96,9.8,10.06,10.03,9.96,9.51,9.25,8.54,8.82,8.97,8.62,8.86,9.14,10.15,10.57,10.47,10.09,9.37,9.13,9.11,9.13,9.59,9.71,9.88,10.25,11.36,12.55,11.76,11.58,10.45,10.43,10.21,10.24,9.82,9.92,10.05,10.29,11.37,11.86,11.77,11.77,10.78,10.36,10.02,10.09,10.0,9.98,9.97,10.44,11.8,11.93,12.19,11.75,11.08,10.8,10.27,10.47,10.37,10.39,10.5,11.2,12.06,12.76,12.71,12.66,11.45,10.47,10.39,10.71,10.39,10.77,10.57,11.12,11.86,12.65,12.64,12.7,11.63,10.94,10.15,11.0,10.73,10.54,10.62,11.17,12.13,12.81,12.57,12.45,11.47,11.08,10.68,10.83,10.61,10.6,10.64,11.0,12.42,12.17,12.96,13.21,11.6,11.09,10.76,11.03,10.85,10.79,11.0,11.58,13.36,13.33,13.25,13.25,12.2,12.02,11.29,11.6,11.47,11.44,10.23,12.08,13.26,14.19,14.32,14.49,13.04,12.47,11.89,11.93,11.89,11.85,10.91,12.38,13.46,14.46,14.3,14.67,13.36,12.59,12.09,12.12,12.07,12.04,11.01,12.51,13.59,14.16,14.45,14.12,12.2,12.64,12.25,12.35,12.47,12.66,11.25,12.92,14.54,14.61,14.81,14.95,13.45,13.19,12.55,12.69,12.7,12.94,12.15,13.33,14.56,15.21,16.05,14.46
California,10.43,11.24,10.96,10.97,11.09,10.81,10.07,10.67,11.67,12.03,11.83,11.77,11.3,11.05,9.9,10.55,10.93,10.18,10.62,10.91,12.22,12.76,12.36,11.84,10.92,10.81,10.78,10.89,11.85,11.82,12.24,12.51,13.8,15.41,13.97,13.9,12.15,12.37,12.17,12.36,11.88,11.81,11.97,12.16,13.57,14.03,13.93,13.78,12.55,12.23,11.91,11.95,11.92,11.83,11.59,12.41,14.17,14.07,14.52,13.77,12.96,12.9,12.11,12.62,12.45,12.39,12.41,13.37,14.38,15.29,15.16,14.97,13.51,12.38,12.48,13.1,12.57,12.99,12.64,13.55,14.41,15.43,15.31,15.27,13.88,13.16,12.02,12.94,13.08,12.6,12.78,13.48,14.85,15.57,15.06,14.76,13.62,13.23,12.71,12.97,12.69,12.53,12.59,13.02,14.94,14.53,15.44,15.77,13.52,13.11,12.83,13.25,13.02,12.86,13.19,13.8,16.22,15.98,15.92,15.8,14.55,14.66,13.58,14.08,13.88,13.8,11.71,14.47,16.06,17.14,17.36,17.35,15.45,15.3,14.54,14.73,14.48,14.27,12.69,14.84,16.2,17.4,17.29,17.45,15.7,15.11,14.48,14.75,14.53,14.34,12.67,14.93,16.24,16.93,17.15,16.69,14.18,15.02,14.88,15.12,15.3,15.39,13.12,15.46,17.55,17.53,17.6,17.73,15.96,15.9,15.25,15.45,15.62,15.76,14.44,16.08,17.82,18.41,19.08,17.56
Oregon,6.11,6.34,6.23,6.35,6.32,6.27,6.09,6.01,5.84,5.89,5.98,5.94,6.02,6.25,6.16,6.35,6.22,6.27,6.17,6.08,6.05,5.98,6.05,6.08,6.31,6.35,6.57,6.55,6.54,6.57,6.4,6.33,6.23,6.25,6.35,6.43,6.71,6.83,6.85,6.92,6.9,6.9,6.83,6.78,6.93,7.19,7.04,7.17,7.27,7.31,7.25,7.37,7.56,7.36,7.4,7.18,7.12,6.99,7.13,7.2,7.35,7.31,7.2,7.56,7.7,7.52,7.54,7.51,7.54,7.58,7.45,7.54,7.62,7.86,7.61,7.62,7.67,7.85,7.73,7.78,7.69,7.79,7.57,7.55,7.65,7.7,7.64,8.04,8.23,8.05,8.02,8.0,7.99,8.04,8.03,8.03,8.12,8.33,8.26,8.33,8.32,8.32,8.22,8.17,8.11,8.26,8.19,8.18,8.25,8.4,8.33,8.34,8.39,8.32,8.18,8.29,8.28,8.43,8.29,8.29,8.47,8.58,8.61,8.8,8.93,8.8,8.63,8.69,8.59,8.85,8.76,8.76,8.77,8.89,8.8,8.81,8.81,8.8,8.79,8.77,8.85,9.07,8.65,8.76,8.83,8.95,8.87,8.86,8.86,8.83,8.71,8.84,8.82,8.86,8.93,8.89,9.02,9.03,9.1,9.09,8.97,9.03,8.81,8.87,8.87,8.98,9.0,8.91,8.99,9.11,9.09,9.07,9.0,9.11,9.04,9.02,8.87,8.78,9.05,8.98
Washington,5.51,5.7,5.71,5.74,5.82,5.85,5.48,5.31,5.37,5.37,5.47,5.43,5.52,5.66,5.68,5.82,5.77,5.63,5.62,5.5,5.45,5.51,5.63,5.65,5.8,5.78,6.04,6.04,5.98,6.0,5.81,5.68,5.7,5.72,5.98,6.04,6.51,6.61,6.76,6.51,6.39,6.4,6.32,6.22,6.28,6.49,6.27,6.43,6.57,6.65,6.69,6.71,6.73,6.73,6.78,6.27,6.43,6.56,6.57,6.56,6.62,6.78,6.94,6.98,6.98,7.02,6.86,6.84,6.79,6.85,6.8,6.8,6.61,6.75,6.74,6.84,6.68,6.62,6.57,6.5,6.52,6.48,6.61,6.62,6.62,6.79,6.9,8.23,6.87,6.86,6.69,6.64,6.41,6.65,6.68,6.73,6.72,6.94,7.08,7.1,7.09,7.09,6.93,6.71,6.76,6.81,6.85,6.82,6.88,7.04,7.07,7.15,7.2,7.08,6.97,6.82,6.81,6.98,6.98,6.99,7.03,7.18,7.29,7.33,7.47,7.33,7.17,6.98,6.81,7.09,7.08,7.13,7.13,7.16,6.97,6.98,7.44,7.28,7.21,7.18,7.44,7.52,7.41,7.45,7.51,7.75,7.79,7.73,7.86,7.74,7.57,7.48,7.57,7.66,7.64,7.66,7.75,7.85,7.83,8.0,7.91,7.89,7.81,7.8,7.82,7.8,7.9,7.94,7.99,8.13,8.16,8.12,8.16,8.16,8.04,7.69,7.73,7.87,8.02,7.83
Pacific Noncontiguous,13.16,12.82,13.15,13.02,13.17,13.47,13.47,13.81,13.93,13.94,14.04,14.26,14.65,14.93,15.15,14.42,14.32,14.32,14.85,15.69,16.02,16.3,16.48,16.43,17.27,17.33,17.2,17.03,16.92,17.2,17.61,18.03,18.56,18.99,18.99,18.45,17.78,17.34,16.96,16.44,16.64,16.54,16.86,17.56,18.01,18.79,19.24,18.12,19.95,19.62,20.79,20.36,21.27,21.97,22.41,23.42,24.6,26.06,26.46,26.53,25.68,23.77,21.0,19.46,17.98,17.38,17.32,17.56,17.79,18.47,19.6,19.97,20.42,20.15,19.83,20.02,20.4,20.93,20.7,21.71,21.77,21.69,21.79,21.32,21.44,21.66,21.57,22.25,22.76,23.52,24.52,25.76,26.84,27.26,27.54,27.74,27.25,26.34,25.69,26.08,25.75,26.84,26.91,28.05,28.74,27.93,27.27,26.86,27.0,25.91,25.55,26.25,25.81,26.49,26.67,26.98,26.79,26.87,26.66,26.22,27.06,27.04,26.29,26.42,26.62,27.27,26.98,27.94,28.41,28.4,28.13,27.99,27.45,26.04,24.98,24.47,22.79,23.18,22.79,22.84,23.5,23.8,23.75,22.96,22.42,21.63,21.22,21.11,20.66,21.03,21.1,21.32,21.97,22.3,22.13,22.26,22.0,22.45,22.11,22.47,22.76,23.27,23.42,23.52,24.1,23.58,23.21,23.21,23.47,24.17,24.28,24.37,24.12,24.93,24.71,25.18,25.57,26.54,25.96,25.67
Alaska,10.64,10.57,11.05,11.01,11.17,11.36,11.27,11.59,11.66,11.56,11.53,10.95,11.04,11.09,10.88,11.16,11.31,11.41,11.36,12.05,11.65,11.69,12.16,11.08,11.65,12.04,12.41,12.28,11.85,12.49,12.55,13.27,13.07,13.25,13.46,12.82,12.66,13.05,13.47,12.7,12.46,13.08,12.48,12.69,12.78,13.23,13.34,13.05,14.05,13.12,14.2,13.51,13.8,14.03,14.96,15.1,14.52,15.38,14.85,14.51,14.29,14.28,14.13,15.2,14.64,15.14,14.76,15.18,15.41,15.57,14.7,15.18,14.73,15.29,14.97,14.76,14.76,14.79,15.13,15.45,15.39,15.2,15.2,14.74,14.65,15.22,15.32,15.54,15.63,15.95,16.11,15.93,16.36,16.8,16.3,16.26,16.35,16.11,15.95,16.8,15.74,16.65,15.65,16.53,16.03,16.88,16.61,15.46,16.28,15.53,15.88,15.33,16.09,16.12,16.91,16.87,16.46,17.06,16.2,16.22,16.4,17.02,17.1,16.87,17.25,17.14,17.15,17.72,18.36,18.52,18.26,17.66,18.03,17.82,16.68,17.51,17.49,17.66,17.56,17.91,18.54,18.72,18.34,18.1,18.0,18.21,17.49,17.5,17.64,17.92,18.64,18.63,18.75,18.95,18.49,18.4,18.71,18.8,18.62,18.94,18.97,20.07,19.71,20.14,20.24,19.72,19.19,19.02,19.32,19.5,19.58,19.64,19.18,19.33,19.46,19.61,19.83,20.68,19.88,19.42
Hawaii,14.43,14.16,14.5,14.84,14.88,15.11,15.22,15.34,15.48,15.5,15.68,15.89,16.46,17.09,17.72,16.58,16.38,16.04,16.81,17.46,18.18,18.61,18.55,19.23,20.28,20.57,20.26,20.26,20.51,20.01,20.81,20.57,21.45,21.9,21.73,21.51,20.55,20.01,19.28,19.05,19.69,18.73,19.66,20.18,20.81,21.72,22.4,20.87,23.11,23.67,25.21,25.36,26.79,26.92,26.96,28.0,29.96,31.56,32.65,33.32,32.28,29.95,25.78,22.76,20.54,18.88,18.97,18.92,19.06,20.06,22.19,22.58,23.57,23.24,23.28,23.77,24.58,25.08,24.23,25.25,25.33,25.3,25.51,25.05,25.33,25.81,26.02,27.19,27.86,28.51,29.73,31.29,32.87,33.05,33.91,34.33,33.67,33.43,32.96,33.1,33.61,33.96,34.43,34.85,36.23,34.49,33.47,33.82,33.48,33.33,32.96,34.87,33.27,33.89,33.22,33.15,32.98,32.49,32.86,32.24,33.48,33.77,33.1,34.08,33.64,34.8,33.63,33.98,34.46,34.07,33.79,34.02,33.01,31.67,31.22,30.04,27.03,27.23,26.26,25.92,26.46,26.61,26.72,25.67,25.11,23.83,24.0,23.85,22.92,23.24,22.68,22.95,23.9,24.2,24.2,24.48,24.0,25.03,24.76,25.36,25.89,25.59,25.93,25.56,26.37,25.78,25.49,25.63,25.95,27.49,27.99,28.06,28.14,29.04,28.06,28.68,28.88,29.81,29.31,29.27
U.S. Total,7.38,7.18,7.15,7.17,7.21,7.27,7.3,7.42,7.86,8.05,8.12,7.92,7.57,7.37,7.32,7.4,7.51,7.52,7.57,7.77,8.3,8.52,8.65,8.62,8.32,8.16,8.13,8.28,8.42,8.39,8.5,8.64,9.21,9.48,9.53,9.26,8.83,8.58,8.49,8.72,8.74,8.77,8.85,8.98,9.47,9.67,9.68,9.44,9.18,8.98,8.91,8.98,8.96,9.09,9.26,9.49,10.33,10.68,10.63,10.31,10.02,9.73,9.64,9.75,9.83,9.75,9.69,9.87,10.24,10.42,10.4,10.21,9.81,9.42,9.44,9.35,9.52,9.56,9.59,9.8,10.19,10.5,10.45,10.24,9.87,9.62,9.51,9.62,9.7,9.66,9.65,9.87,10.37,10.58,10.59,10.39,9.89,9.67,9.64,9.65,9.64,9.59,9.52,9.7,10.18,10.35,10.34,10.31,9.76,9.58,9.65,9.66,9.77,9.69,9.67,9.92,10.47,10.71,10.58,10.45,10.01,9.83,9.88,10.13,10.35,10.32,10.01,10.21,10.75,11.01,10.92,10.8,10.35,10.15,10.13,10.19,10.39,10.3,10.02,10.21,10.64,10.96,10.86,10.81,10.33,10.11,10.0,9.96,9.99,10.01,9.81,10.06,10.53,10.71,10.83,10.69,10.15,10.1,10.07,10.15,10.33,10.34,10.1,10.37,10.87,11.02,10.98,10.93,10.48,10.38,10.26,10.46,10.43,10.37,10.23,10.42,10.78,11.02,11.05,10.7
